T,policy_id,stable_skips,worst_risk,sharp_bound,worst_h
1,0,1,1,1,1
1,1,0,0,0,0
2,0,2,1,1,1
2,1,1,1,0.25,1
2,2,1,1,0.25,1
2,3,1,0.25,0.25,0.5
2,4,0,1,0,1
2,5,0,0,0,0
3,0,3,1,1,1
3,1,2,1,0.38490017946,1
3,2,2,1,0.38490017946,1
3,3,2,1,0.38490017946,1
3,4,1,1,0.148148148148,1
3,5,1,1,0.148148148148,1
3,6,2,1,0.38490017946,1
3,7,2,1,0.38490017946,1
3,8,2,1,0.38490017946,1
3,9,2,0.5,0.38490017946,0.5
3,10,2,1,0.38490017946,1
3,11,2,0.38490017946,0.38490017946,0.42264973081
3,12,1,1,0.148148148148,1
3,13,1,1,0.148148148148,1
3,14,1,1,0.148148148148,1
3,15,1,0.38490017946,0.148148148148,0.57735026919
3,16,1,1,0.148148148148,1
3,17,1,0.25,0.148148148148,0.5
3,18,1,1,0.148148148148,1
3,19,1,1,0.148148148148,1
3,20,1,1,0.148148148148,1
3,21,1,0.38490017946,0.148148148148,0.57735026919
3,22,1,1,0.148148148148,1
3,23,1,0.25,0.148148148148,0.5
3,24,1,1,0.148148148148,1
3,25,1,1,0.148148148148,1
3,26,1,1,0.148148148148,1
3,27,1,0.25,0.148148148148,0.5
3,28,1,1,0.148148148148,1
3,29,1,0.148148148148,0.148148148148,0.333333333333
3,30,0,1,0,1
3,31,0,1,0,1
3,32,0,1,0,1
3,33,0,0.296296296296,0,0.666666666667
3,34,0,1,0,1
3,35,0,0.148148148148,0,0.666666666667
3,36,0,1,0,1
3,37,0,1,0,1
3,38,0,1,0,1
3,39,0,0.148148148148,0,0.666666666667
3,40,0,1,0,1
3,41,0,0,0,0
4,0,4,1,1,0.999991815336
4,1,3,1,0.472470393711,1
4,2,3,1,0.472470393711,1
4,3,3,1,0.472470393711,1
4,4,2,1,0.25,1
4,5,2,1,0.25,1
4,6,3,1,0.472470393711,1
4,7,3,1,0.472470393711,1
4,8,3,1,0.472470393711,1
4,9,3,1,0.472470393711,1
4,10,3,1,0.472470393711,1
4,11,3,1,0.472470393711,1
4,12,2,1,0.25,1
4,13,2,1,0.25,1
4,14,2,1,0.25,1
4,15,2,1,0.25,1
4,16,2,1,0.25,1
4,17,2,1,0.25,1
4,18,2,1,0.25,1
4,19,2,1,0.25,1
4,20,2,1,0.25,1
4,21,2,1,0.25,1
4,22,2,1,0.25,1
4,23,2,1,0.25,1
4,24,2,1,0.25,1
4,25,2,1,0.25,1
4,26,2,1,0.25,1
4,27,2,1,0.25,1
4,28,2,1,0.25,1
4,29,2,1,0.25,1
4,30,1,1,0.10546875,1
4,31,1,1,0.10546875,1
4,32,1,1,0.10546875,1
4,33,1,1,0.10546875,1
4,34,1,1,0.10546875,1
4,35,1,1,0.10546875,1
4,36,1,1,0.10546875,1
4,37,1,1,0.10546875,1
4,38,1,1,0.10546875,1
4,39,1,1,0.10546875,1
4,40,1,1,0.10546875,1
4,41,1,1,0.10546875,1
4,42,3,1,0.472470393711,1
4,43,3,1,0.472470393711,1
4,44,3,1,0.472470393711,1
4,45,3,1,0.472470393711,1
4,46,3,1,0.472470393711,1
4,47,3,1,0.472470393711,1
4,48,3,1,0.472470393711,1
4,49,3,1,0.472470393711,1
4,50,3,1,0.472470393711,1
4,51,3,0.6875,0.472470393711,0.5
4,52,3,1,0.472470393711,1
4,53,3,0.631130309441,0.472470393711,0.451416229645
4,54,3,1,0.472470393711,1
4,55,3,1,0.472470393711,1
4,56,3,1,0.472470393711,1
4,57,3,0.625,0.472470393711,0.5
4,58,3,1,0.472470393711,1
4,59,3,0.570071354486,0.472470393711,0.440378027659
4,60,3,1,0.472470393711,1
4,61,3,1,0.472470393711,1
4,62,3,1,0.472470393711,1
4,63,3,0.625,0.472470393711,0.5
4,64,3,1,0.472470393711,1
4,65,3,0.570071354486,0.472470393711,0.440378027659
4,66,3,1,0.472470393711,1
4,67,3,1,0.472470393711,1
4,68,3,1,0.472470393711,1
4,69,3,0.570071354486,0.472470393711,0.440378027659
4,70,3,1,0.472470393711,1
4,71,3,0.528152947731,0.472470393711,0.392374781489
4,72,3,1,0.472470393711,1
4,73,3,1,0.472470393711,1
4,74,3,1,0.472470393711,1
4,75,3,0.5625,0.472470393711,0.5
4,76,3,1,0.472470393711,1
4,77,3,0.509830486824,0.472470393711,0.423677382213
4,78,3,1,0.472470393711,1
4,79,3,1,0.472470393711,1
4,80,3,1,0.472470393711,1
4,81,3,0.509830486824,0.472470393711,0.423677382213
4,82,3,1,0.472470393711,1
4,83,3,0.472470393711,0.472470393711,0.370039475053
4,84,2,1,0.25,1
4,85,2,1,0.25,1
4,86,2,1,0.25,1
4,87,2,1,0.25,1
4,88,2,1,0.25,1
4,89,2,1,0.25,1
4,90,2,1,0.25,1
4,91,2,1,0.25,1
4,92,2,1,0.25,1
4,93,2,0.631130309441,0.25,0.548583770355
4,94,2,1,0.25,1
4,95,2,0.5625,0.25,0.5
4,96,2,1,0.25,1
4,97,2,1,0.25,1
4,98,2,1,0.25,1
4,99,2,0.570071354486,0.25,0.559621972341
4,100,2,1,0.25,1
4,101,2,0.5,0.25,0.5
4,102,2,1,0.25,1
4,103,2,1,0.25,1
4,104,2,1,0.25,1
4,105,2,0.570071354486,0.25,0.559621972341
4,106,2,1,0.25,1
4,107,2,0.5,0.25,0.5
4,108,2,1,0.25,1
4,109,2,1,0.25,1
4,110,2,1,0.25,1
4,111,2,0.5,0.25,0.5
4,112,2,1,0.25,1
4,113,2,0.445096960474,0.25,0.439985174319
4,114,2,1,0.25,1
4,115,2,1,0.25,1
4,116,2,1,0.25,1
4,117,2,0.509830486824,0.25,0.576322617787
4,118,2,1,0.25,1
4,119,2,0.4375,0.25,0.5
4,120,2,1,0.25,1
4,121,2,1,0.25,1
4,122,2,1,0.25,1
4,123,2,0.4375,0.25,0.5
4,124,2,1,0.25,1
4,125,2,0.38490017946,0.25,0.42264973081
4,126,2,1,0.25,1
4,127,2,1,0.25,1
4,128,2,1,0.25,1
4,129,2,1,0.25,1
4,130,2,1,0.25,1
4,131,2,1,0.25,1
4,132,2,1,0.25,1
4,133,2,1,0.25,1
4,134,2,1,0.25,1
4,135,2,0.631130309441,0.25,0.548583770355
4,136,2,1,0.25,1
4,137,2,0.5625,0.25,0.5
4,138,2,1,0.25,1
4,139,2,1,0.25,1
4,140,2,1,0.25,1
4,141,2,0.570071354486,0.25,0.559621972341
4,142,2,1,0.25,1
4,143,2,0.5,0.25,0.5
4,144,2,1,0.25,1
4,145,2,1,0.25,1
4,146,2,1,0.25,1
4,147,2,0.570071354486,0.25,0.559621972341
4,148,2,1,0.25,1
4,149,2,0.5,0.25,0.5
4,150,2,1,0.25,1
4,151,2,1,0.25,1
4,152,2,1,0.25,1
4,153,2,0.5,0.25,0.5
4,154,2,1,0.25,1
4,155,2,0.445096960474,0.25,0.439985174319
4,156,2,1,0.25,1
4,157,2,1,0.25,1
4,158,2,1,0.25,1
4,159,2,0.509830486824,0.25,0.576322617787
4,160,2,1,0.25,1
4,161,2,0.4375,0.25,0.5
4,162,2,1,0.25,1
4,163,2,1,0.25,1
4,164,2,1,0.25,1
4,165,2,0.4375,0.25,0.5
4,166,2,1,0.25,1
4,167,2,0.38490017946,0.25,0.42264973081
4,168,2,1,0.25,1
4,169,2,1,0.25,1
4,170,2,1,0.25,1
4,171,2,1,0.25,1
4,172,2,1,0.25,1
4,173,2,1,0.25,1
4,174,2,1,0.25,1
4,175,2,1,0.25,1
4,176,2,1,0.25,1
4,177,2,0.570071354486,0.25,0.559621972341
4,178,2,1,0.25,1
4,179,2,0.5,0.25,0.5
4,180,2,1,0.25,1
4,181,2,1,0.25,1
4,182,2,1,0.25,1
4,183,2,0.509830486824,0.25,0.576322617787
4,184,2,1,0.25,1
4,185,2,0.4375,0.25,0.5
4,186,2,1,0.25,1
4,187,2,1,0.25,1
4,188,2,1,0.25,1
4,189,2,0.509830486824,0.25,0.576322617787
4,190,2,1,0.25,1
4,191,2,0.4375,0.25,0.5
4,192,2,1,0.25,1
4,193,2,1,0.25,1
4,194,2,1,0.25,1
4,195,2,0.4375,0.25,0.5
4,196,2,1,0.25,1
4,197,2,0.38490017946,0.25,0.42264973081
4,198,2,1,0.25,1
4,199,2,1,0.25,1
4,200,2,1,0.25,1
4,201,2,0.45121076761,0.25,0.602686531133
4,202,2,1,0.25,1
4,203,2,0.375,0.25,0.5
4,204,2,1,0.25,1
4,205,2,1,0.25,1
4,206,2,1,0.25,1
4,207,2,0.375,0.25,0.5
4,208,2,1,0.25,1
4,209,2,0.326446776524,0.25,0.394170413812
4,210,1,1,0.10546875,1
4,211,1,1,0.10546875,1
4,212,1,1,0.10546875,1
4,213,1,1,0.10546875,1
4,214,1,1,0.10546875,1
4,215,1,1,0.10546875,1
4,216,1,1,0.10546875,1
4,217,1,1,0.10546875,1
4,218,1,1,0.10546875,1
4,219,1,0.585859166169,0.10546875,0.590720974137
4,220,1,1,0.10546875,1
4,221,1,0.506141532639,0.10546875,0.54875901004
4,222,1,1,0.10546875,1
4,223,1,1,0.10546875,1
4,224,1,1,0.10546875,1
4,225,1,0.528152947731,0.10546875,0.607625218511
4,226,1,1,0.10546875,1
4,227,1,0.445096960474,0.10546875,0.560014825681
4,228,1,1,0.10546875,1
4,229,1,1,0.10546875,1
4,230,1,1,0.10546875,1
4,231,1,0.528152947731,0.10546875,0.607625218511
4,232,1,1,0.10546875,1
4,233,1,0.445096960474,0.10546875,0.560014825681
4,234,1,1,0.10546875,1
4,235,1,1,0.10546875,1
4,236,1,1,0.10546875,1
4,237,1,0.445096960474,0.10546875,0.560014825681
4,238,1,1,0.10546875,1
4,239,1,0.375,0.10546875,0.5
4,240,1,1,0.10546875,1
4,241,1,1,0.10546875,1
4,242,1,1,0.10546875,1
4,243,1,0.472470393711,0.10546875,0.629960524947
4,244,1,1,0.10546875,1
4,245,1,0.38490017946,0.10546875,0.57735026919
4,246,1,1,0.10546875,1
4,247,1,1,0.10546875,1
4,248,1,1,0.10546875,1
4,249,1,0.38490017946,0.10546875,0.57735026919
4,250,1,1,0.10546875,1
4,251,1,0.3125,0.10546875,0.5
4,252,1,1,0.10546875,1
4,253,1,1,0.10546875,1
4,254,1,1,0.10546875,1
4,255,1,1,0.10546875,1
4,256,1,1,0.10546875,1
4,257,1,1,0.10546875,1
4,258,1,1,0.10546875,1
4,259,1,1,0.10546875,1
4,260,1,1,0.10546875,1
4,261,1,0.528152947731,0.10546875,0.607625218511
4,262,1,1,0.10546875,1
4,263,1,0.445096960474,0.10546875,0.560014825681
4,264,1,1,0.10546875,1
4,265,1,1,0.10546875,1
4,266,1,1,0.10546875,1
4,267,1,0.472470393711,0.10546875,0.629960524947
4,268,1,1,0.10546875,1
4,269,1,0.38490017946,0.10546875,0.57735026919
4,270,1,1,0.10546875,1
4,271,1,1,0.10546875,1
4,272,1,1,0.10546875,1
4,273,1,0.472470393711,0.10546875,0.629960524947
4,274,1,1,0.10546875,1
4,275,1,0.38490017946,0.10546875,0.57735026919
4,276,1,1,0.10546875,1
4,277,1,1,0.10546875,1
4,278,1,1,0.10546875,1
4,279,1,0.38490017946,0.10546875,0.57735026919
4,280,1,1,0.10546875,1
4,281,1,0.3125,0.10546875,0.5
4,282,1,1,0.10546875,1
4,283,1,1,0.10546875,1
4,284,1,1,0.10546875,1
4,285,1,0.41990176065,0.10546875,0.658591323253
4,286,1,1,0.10546875,1
4,287,1,0.326446776524,0.10546875,0.605829586188
4,288,1,1,0.10546875,1
4,289,1,1,0.10546875,1
4,290,1,1,0.10546875,1
4,291,1,0.326446776524,0.10546875,0.605829586188
4,292,1,1,0.10546875,1
4,293,1,0.25,0.10546875,0.5
4,294,2,1,0.25,1
4,295,2,1,0.25,1
4,296,2,1,0.25,1
4,297,2,1,0.25,1
4,298,2,1,0.25,1
4,299,2,1,0.25,1
4,300,2,1,0.25,1
4,301,2,1,0.25,1
4,302,2,1,0.25,1
4,303,2,0.631130309441,0.25,0.548583770355
4,304,2,1,0.25,1
4,305,2,0.5625,0.25,0.5
4,306,2,1,0.25,1
4,307,2,1,0.25,1
4,308,2,1,0.25,1
4,309,2,0.570071354486,0.25,0.559621972341
4,310,2,1,0.25,1
4,311,2,0.5,0.25,0.5
4,312,2,1,0.25,1
4,313,2,1,0.25,1
4,314,2,1,0.25,1
4,315,2,0.570071354486,0.25,0.559621972341
4,316,2,1,0.25,1
4,317,2,0.5,0.25,0.5
4,318,2,1,0.25,1
4,319,2,1,0.25,1
4,320,2,1,0.25,1
4,321,2,0.5,0.25,0.5
4,322,2,1,0.25,1
4,323,2,0.445096960474,0.25,0.439985174319
4,324,2,1,0.25,1
4,325,2,1,0.25,1
4,326,2,1,0.25,1
4,327,2,0.509830486824,0.25,0.576322617787
4,328,2,1,0.25,1
4,329,2,0.4375,0.25,0.5
4,330,2,1,0.25,1
4,331,2,1,0.25,1
4,332,2,1,0.25,1
4,333,2,0.4375,0.25,0.5
4,334,2,1,0.25,1
4,335,2,0.38490017946,0.25,0.42264973081
4,336,2,1,0.25,1
4,337,2,1,0.25,1
4,338,2,1,0.25,1
4,339,2,1,0.25,1
4,340,2,1,0.25,1
4,341,2,1,0.25,1
4,342,2,1,0.25,1
4,343,2,1,0.25,1
4,344,2,1,0.25,1
4,345,2,0.570071354486,0.25,0.559621972341
4,346,2,1,0.25,1
4,347,2,0.5,0.25,0.5
4,348,2,1,0.25,1
4,349,2,1,0.25,1
4,350,2,1,0.25,1
4,351,2,0.509830486824,0.25,0.576322617787
4,352,2,1,0.25,1
4,353,2,0.4375,0.25,0.5
4,354,2,1,0.25,1
4,355,2,1,0.25,1
4,356,2,1,0.25,1
4,357,2,0.509830486824,0.25,0.576322617787
4,358,2,1,0.25,1
4,359,2,0.4375,0.25,0.5
4,360,2,1,0.25,1
4,361,2,1,0.25,1
4,362,2,1,0.25,1
4,363,2,0.4375,0.25,0.5
4,364,2,1,0.25,1
4,365,2,0.38490017946,0.25,0.42264973081
4,366,2,1,0.25,1
4,367,2,1,0.25,1
4,368,2,1,0.25,1
4,369,2,0.45121076761,0.25,0.602686531133
4,370,2,1,0.25,1
4,371,2,0.375,0.25,0.5
4,372,2,1,0.25,1
4,373,2,1,0.25,1
4,374,2,1,0.25,1
4,375,2,0.375,0.25,0.5
4,376,2,1,0.25,1
4,377,2,0.326446776524,0.25,0.394170413812
4,378,2,1,0.25,1
4,379,2,1,0.25,1
4,380,2,1,0.25,1
4,381,2,1,0.25,1
4,382,2,1,0.25,1
4,383,2,1,0.25,1
4,384,2,1,0.25,1
4,385,2,1,0.25,1
4,386,2,1,0.25,1
4,387,2,0.570071354486,0.25,0.559621972341
4,388,2,1,0.25,1
4,389,2,0.5,0.25,0.5
4,390,2,1,0.25,1
4,391,2,1,0.25,1
4,392,2,1,0.25,1
4,393,2,0.509830486824,0.25,0.576322617787
4,394,2,1,0.25,1
4,395,2,0.4375,0.25,0.5
4,396,2,1,0.25,1
4,397,2,1,0.25,1
4,398,2,1,0.25,1
4,399,2,0.509830486824,0.25,0.576322617787
4,400,2,1,0.25,1
4,401,2,0.4375,0.25,0.5
4,402,2,1,0.25,1
4,403,2,1,0.25,1
4,404,2,1,0.25,1
4,405,2,0.4375,0.25,0.5
4,406,2,1,0.25,1
4,407,2,0.38490017946,0.25,0.42264973081
4,408,2,1,0.25,1
4,409,2,1,0.25,1
4,410,2,1,0.25,1
4,411,2,0.45121076761,0.25,0.602686531133
4,412,2,1,0.25,1
4,413,2,0.375,0.25,0.5
4,414,2,1,0.25,1
4,415,2,1,0.25,1
4,416,2,1,0.25,1
4,417,2,0.375,0.25,0.5
4,418,2,1,0.25,1
4,419,2,0.326446776524,0.25,0.394170413812
4,420,2,1,0.25,1
4,421,2,1,0.25,1
4,422,2,1,0.25,1
4,423,2,1,0.25,1
4,424,2,1,0.25,1
4,425,2,1,0.25,1
4,426,2,1,0.25,1
4,427,2,1,0.25,1
4,428,2,1,0.25,1
4,429,2,0.5,0.25,0.5
4,430,2,1,0.25,1
4,431,2,0.445096960474,0.25,0.439985174319
4,432,2,1,0.25,1
4,433,2,1,0.25,1
4,434,2,1,0.25,1
4,435,2,0.4375,0.25,0.5
4,436,2,1,0.25,1
4,437,2,0.38490017946,0.25,0.42264973081
4,438,2,1,0.25,1
4,439,2,1,0.25,1
4,440,2,1,0.25,1
4,441,2,0.4375,0.25,0.5
4,442,2,1,0.25,1
4,443,2,0.38490017946,0.25,0.42264973081
4,444,2,1,0.25,1
4,445,2,1,0.25,1
4,446,2,1,0.25,1
4,447,2,0.38490017946,0.25,0.42264973081
4,448,2,1,0.25,1
4,449,2,0.348076211353,0.25,0.366025403784
4,450,2,1,0.25,1
4,451,2,1,0.25,1
4,452,2,1,0.25,1
4,453,2,0.375,0.25,0.5
4,454,2,1,0.25,1
4,455,2,0.326446776524,0.25,0.394170413812
4,456,2,1,0.25,1
4,457,2,1,0.25,1
4,458,2,1,0.25,1
4,459,2,0.326446776524,0.25,0.394170413812
4,460,2,1,0.25,1
4,461,2,0.296296296296,0.25,0.333333333333
4,462,2,1,0.25,1
4,463,2,1,0.25,1
4,464,2,1,0.25,1
4,465,2,1,0.25,1
4,466,2,1,0.25,1
4,467,2,1,0.25,1
4,468,2,1,0.25,1
4,469,2,1,0.25,1
4,470,2,1,0.25,1
4,471,2,0.509830486824,0.25,0.576322617787
4,472,2,1,0.25,1
4,473,2,0.4375,0.25,0.5
4,474,2,1,0.25,1
4,475,2,1,0.25,1
4,476,2,1,0.25,1
4,477,2,0.45121076761,0.25,0.602686531133
4,478,2,1,0.25,1
4,479,2,0.375,0.25,0.5
4,480,2,1,0.25,1
4,481,2,1,0.25,1
4,482,2,1,0.25,1
4,483,2,0.45121076761,0.25,0.602686531133
4,484,2,1,0.25,1
4,485,2,0.375,0.25,0.5
4,486,2,1,0.25,1
4,487,2,1,0.25,1
4,488,2,1,0.25,1
4,489,2,0.375,0.25,0.5
4,490,2,1,0.25,1
4,491,2,0.326446776524,0.25,0.394170413812
4,492,2,1,0.25,1
4,493,2,1,0.25,1
4,494,2,1,0.25,1
4,495,2,0.395928873367,0.25,0.642599975839
4,496,2,1,0.25,1
4,497,2,0.3125,0.25,0.5
4,498,2,1,0.25,1
4,499,2,1,0.25,1
4,500,2,1,0.25,1
4,501,2,0.3125,0.25,0.5
4,502,2,1,0.25,1
4,503,2,0.271868673751,0.25,0.347759516569
4,504,2,1,0.25,1
4,505,2,1,0.25,1
4,506,2,1,0.25,1
4,507,2,1,0.25,1
4,508,2,1,0.25,1
4,509,2,1,0.25,1
4,510,2,1,0.25,1
4,511,2,1,0.25,1
4,512,2,1,0.25,1
4,513,2,0.4375,0.25,0.5
4,514,2,1,0.25,1
4,515,2,0.38490017946,0.25,0.42264973081
4,516,2,1,0.25,1
4,517,2,1,0.25,1
4,518,2,1,0.25,1
4,519,2,0.375,0.25,0.5
4,520,2,1,0.25,1
4,521,2,0.326446776524,0.25,0.394170413812
4,522,2,1,0.25,1
4,523,2,1,0.25,1
4,524,2,1,0.25,1
4,525,2,0.375,0.25,0.5
4,526,2,1,0.25,1
4,527,2,0.326446776524,0.25,0.394170413812
4,528,2,1,0.25,1
4,529,2,1,0.25,1
4,530,2,1,0.25,1
4,531,2,0.326446776524,0.25,0.394170413812
4,532,2,1,0.25,1
4,533,2,0.296296296296,0.25,0.333333333333
4,534,2,1,0.25,1
4,535,2,1,0.25,1
4,536,2,1,0.25,1
4,537,2,0.3125,0.25,0.5
4,538,2,1,0.25,1
4,539,2,0.271868673751,0.25,0.347759516569
4,540,2,1,0.25,1
4,541,2,1,0.25,1
4,542,2,1,0.25,1
4,543,2,0.271868673751,0.25,0.347759516569
4,544,2,1,0.25,1
4,545,2,0.25,0.25,0.292893218813
4,546,1,1,0.10546875,1
4,547,1,1,0.10546875,1
4,548,1,1,0.10546875,1
4,549,1,1,0.10546875,1
4,550,1,1,0.10546875,1
4,551,1,1,0.10546875,1
4,552,1,1,0.10546875,1
4,553,1,1,0.10546875,1
4,554,1,1,0.10546875,1
4,555,1,0.585859166169,0.10546875,0.590720974137
4,556,1,1,0.10546875,1
4,557,1,0.506141532639,0.10546875,0.54875901004
4,558,1,1,0.10546875,1
4,559,1,1,0.10546875,1
4,560,1,1,0.10546875,1
4,561,1,0.528152947731,0.10546875,0.607625218511
4,562,1,1,0.10546875,1
4,563,1,0.445096960474,0.10546875,0.560014825681
4,564,1,1,0.10546875,1
4,565,1,1,0.10546875,1
4,566,1,1,0.10546875,1
4,567,1,0.528152947731,0.10546875,0.607625218511
4,568,1,1,0.10546875,1
4,569,1,0.445096960474,0.10546875,0.560014825681
4,570,1,1,0.10546875,1
4,571,1,1,0.10546875,1
4,572,1,1,0.10546875,1
4,573,1,0.445096960474,0.10546875,0.560014825681
4,574,1,1,0.10546875,1
4,575,1,0.375,0.10546875,0.5
4,576,1,1,0.10546875,1
4,577,1,1,0.10546875,1
4,578,1,1,0.10546875,1
4,579,1,0.472470393711,0.10546875,0.629960524947
4,580,1,1,0.10546875,1
4,581,1,0.38490017946,0.10546875,0.57735026919
4,582,1,1,0.10546875,1
4,583,1,1,0.10546875,1
4,584,1,1,0.10546875,1
4,585,1,0.38490017946,0.10546875,0.57735026919
4,586,1,1,0.10546875,1
4,587,1,0.3125,0.10546875,0.5
4,588,1,1,0.10546875,1
4,589,1,1,0.10546875,1
4,590,1,1,0.10546875,1
4,591,1,1,0.10546875,1
4,592,1,1,0.10546875,1
4,593,1,1,0.10546875,1
4,594,1,1,0.10546875,1
4,595,1,1,0.10546875,1
4,596,1,1,0.10546875,1
4,597,1,0.528152947731,0.10546875,0.607625218511
4,598,1,1,0.10546875,1
4,599,1,0.445096960474,0.10546875,0.560014825681
4,600,1,1,0.10546875,1
4,601,1,1,0.10546875,1
4,602,1,1,0.10546875,1
4,603,1,0.472470393711,0.10546875,0.629960524947
4,604,1,1,0.10546875,1
4,605,1,0.38490017946,0.10546875,0.57735026919
4,606,1,1,0.10546875,1
4,607,1,1,0.10546875,1
4,608,1,1,0.10546875,1
4,609,1,0.472470393711,0.10546875,0.629960524947
4,610,1,1,0.10546875,1
4,611,1,0.38490017946,0.10546875,0.57735026919
4,612,1,1,0.10546875,1
4,613,1,1,0.10546875,1
4,614,1,1,0.10546875,1
4,615,1,0.38490017946,0.10546875,0.57735026919
4,616,1,1,0.10546875,1
4,617,1,0.3125,0.10546875,0.5
4,618,1,1,0.10546875,1
4,619,1,1,0.10546875,1
4,620,1,1,0.10546875,1
4,621,1,0.41990176065,0.10546875,0.658591323253
4,622,1,1,0.10546875,1
4,623,1,0.326446776524,0.10546875,0.605829586188
4,624,1,1,0.10546875,1
4,625,1,1,0.10546875,1
4,626,1,1,0.10546875,1
4,627,1,0.326446776524,0.10546875,0.605829586188
4,628,1,1,0.10546875,1
4,629,1,0.25,0.10546875,0.5
4,630,1,1,0.10546875,1
4,631,1,1,0.10546875,1
4,632,1,1,0.10546875,1
4,633,1,1,0.10546875,1
4,634,1,1,0.10546875,1
4,635,1,1,0.10546875,1
4,636,1,1,0.10546875,1
4,637,1,1,0.10546875,1
4,638,1,1,0.10546875,1
4,639,1,0.528152947731,0.10546875,0.607625218511
4,640,1,1,0.10546875,1
4,641,1,0.445096960474,0.10546875,0.560014825681
4,642,1,1,0.10546875,1
4,643,1,1,0.10546875,1
4,644,1,1,0.10546875,1
4,645,1,0.472470393711,0.10546875,0.629960524947
4,646,1,1,0.10546875,1
4,647,1,0.38490017946,0.10546875,0.57735026919
4,648,1,1,0.10546875,1
4,649,1,1,0.10546875,1
4,650,1,1,0.10546875,1
4,651,1,0.472470393711,0.10546875,0.629960524947
4,652,1,1,0.10546875,1
4,653,1,0.38490017946,0.10546875,0.57735026919
4,654,1,1,0.10546875,1
4,655,1,1,0.10546875,1
4,656,1,1,0.10546875,1
4,657,1,0.38490017946,0.10546875,0.57735026919
4,658,1,1,0.10546875,1
4,659,1,0.3125,0.10546875,0.5
4,660,1,1,0.10546875,1
4,661,1,1,0.10546875,1
4,662,1,1,0.10546875,1
4,663,1,0.41990176065,0.10546875,0.658591323253
4,664,1,1,0.10546875,1
4,665,1,0.326446776524,0.10546875,0.605829586188
4,666,1,1,0.10546875,1
4,667,1,1,0.10546875,1
4,668,1,1,0.10546875,1
4,669,1,0.326446776524,0.10546875,0.605829586188
4,670,1,1,0.10546875,1
4,671,1,0.25,0.10546875,0.5
4,672,1,1,0.10546875,1
4,673,1,1,0.10546875,1
4,674,1,1,0.10546875,1
4,675,1,1,0.10546875,1
4,676,1,1,0.10546875,1
4,677,1,1,0.10546875,1
4,678,1,1,0.10546875,1
4,679,1,1,0.10546875,1
4,680,1,1,0.10546875,1
4,681,1,0.445096960474,0.10546875,0.560014825681
4,682,1,1,0.10546875,1
4,683,1,0.375,0.10546875,0.5
4,684,1,1,0.10546875,1
4,685,1,1,0.10546875,1
4,686,1,1,0.10546875,1
4,687,1,0.38490017946,0.10546875,0.57735026919
4,688,1,1,0.10546875,1
4,689,1,0.3125,0.10546875,0.5
4,690,1,1,0.10546875,1
4,691,1,1,0.10546875,1
4,692,1,1,0.10546875,1
4,693,1,0.38490017946,0.10546875,0.57735026919
4,694,1,1,0.10546875,1
4,695,1,0.3125,0.10546875,0.5
4,696,1,1,0.10546875,1
4,697,1,1,0.10546875,1
4,698,1,1,0.10546875,1
4,699,1,0.3125,0.10546875,0.5
4,700,1,1,0.10546875,1
4,701,1,0.25997383708,0.10546875,0.421535165409
4,702,1,1,0.10546875,1
4,703,1,1,0.10546875,1
4,704,1,1,0.10546875,1
4,705,1,0.326446776524,0.10546875,0.605829586188
4,706,1,1,0.10546875,1
4,707,1,0.25,0.10546875,0.5
4,708,1,1,0.10546875,1
4,709,1,1,0.10546875,1
4,710,1,1,0.10546875,1
4,711,1,0.25,0.10546875,0.5
4,712,1,1,0.10546875,1
4,713,1,0.201715599427,0.10546875,0.390388203202
4,714,1,1,0.10546875,1
4,715,1,1,0.10546875,1
4,716,1,1,0.10546875,1
4,717,1,1,0.10546875,1
4,718,1,1,0.10546875,1
4,719,1,1,0.10546875,1
4,720,1,1,0.10546875,1
4,721,1,1,0.10546875,1
4,722,1,1,0.10546875,1
4,723,1,0.472470393711,0.10546875,0.629960524947
4,724,1,1,0.10546875,1
4,725,1,0.38490017946,0.10546875,0.57735026919
4,726,1,1,0.10546875,1
4,727,1,1,0.10546875,1
4,728,1,1,0.10546875,1
4,729,1,0.41990176065,0.10546875,0.658591323253
4,730,1,1,0.10546875,1
4,731,1,0.326446776524,0.10546875,0.605829586188
4,732,1,1,0.10546875,1
4,733,1,1,0.10546875,1
4,734,1,1,0.10546875,1
4,735,1,0.41990176065,0.10546875,0.658591323253
4,736,1,1,0.10546875,1
4,737,1,0.326446776524,0.10546875,0.605829586188
4,738,1,1,0.10546875,1
4,739,1,1,0.10546875,1
4,740,1,1,0.10546875,1
4,741,1,0.326446776524,0.10546875,0.605829586188
4,742,1,1,0.10546875,1
4,743,1,0.25,0.10546875,0.5
4,744,1,1,0.10546875,1
4,745,1,1,0.10546875,1
4,746,1,1,0.10546875,1
4,747,1,0.371835742363,0.10546875,0.692405781672
4,748,1,1,0.10546875,1
4,749,1,0.271868673751,0.10546875,0.652240483431
4,750,1,1,0.10546875,1
4,751,1,1,0.10546875,1
4,752,1,1,0.10546875,1
4,753,1,0.271868673751,0.10546875,0.652240483431
4,754,1,1,0.10546875,1
4,755,1,0.1875,0.10546875,0.5
4,756,1,1,0.10546875,1
4,757,1,1,0.10546875,1
4,758,1,1,0.10546875,1
4,759,1,1,0.10546875,1
4,760,1,1,0.10546875,1
4,761,1,1,0.10546875,1
4,762,1,1,0.10546875,1
4,763,1,1,0.10546875,1
4,764,1,1,0.10546875,1
4,765,1,0.38490017946,0.10546875,0.57735026919
4,766,1,1,0.10546875,1
4,767,1,0.3125,0.10546875,0.5
4,768,1,1,0.10546875,1
4,769,1,1,0.10546875,1
4,770,1,1,0.10546875,1
4,771,1,0.326446776524,0.10546875,0.605829586188
4,772,1,1,0.10546875,1
4,773,1,0.25,0.10546875,0.5
4,774,1,1,0.10546875,1
4,775,1,1,0.10546875,1
4,776,1,1,0.10546875,1
4,777,1,0.326446776524,0.10546875,0.605829586188
4,778,1,1,0.10546875,1
4,779,1,0.25,0.10546875,0.5
4,780,1,1,0.10546875,1
4,781,1,1,0.10546875,1
4,782,1,1,0.10546875,1
4,783,1,0.25,0.10546875,0.5
4,784,1,1,0.10546875,1
4,785,1,0.201715599427,0.10546875,0.390388203202
4,786,1,1,0.10546875,1
4,787,1,1,0.10546875,1
4,788,1,1,0.10546875,1
4,789,1,0.271868673751,0.10546875,0.652240483431
4,790,1,1,0.10546875,1
4,791,1,0.1875,0.10546875,0.5
4,792,1,1,0.10546875,1
4,793,1,1,0.10546875,1
4,794,1,1,0.10546875,1
4,795,1,0.1875,0.10546875,0.5
4,796,1,1,0.10546875,1
4,797,1,0.148148148148,0.10546875,0.333333333333
4,798,1,1,0.10546875,1
4,799,1,1,0.10546875,1
4,800,1,1,0.10546875,1
4,801,1,1,0.10546875,1
4,802,1,1,0.10546875,1
4,803,1,1,0.10546875,1
4,804,1,1,0.10546875,1
4,805,1,1,0.10546875,1
4,806,1,1,0.10546875,1
4,807,1,0.585859166169,0.10546875,0.590720974137
4,808,1,1,0.10546875,1
4,809,1,0.506141532639,0.10546875,0.54875901004
4,810,1,1,0.10546875,1
4,811,1,1,0.10546875,1
4,812,1,1,0.10546875,1
4,813,1,0.528152947731,0.10546875,0.607625218511
4,814,1,1,0.10546875,1
4,815,1,0.445096960474,0.10546875,0.560014825681
4,816,1,1,0.10546875,1
4,817,1,1,0.10546875,1
4,818,1,1,0.10546875,1
4,819,1,0.528152947731,0.10546875,0.607625218511
4,820,1,1,0.10546875,1
4,821,1,0.445096960474,0.10546875,0.560014825681
4,822,1,1,0.10546875,1
4,823,1,1,0.10546875,1
4,824,1,1,0.10546875,1
4,825,1,0.445096960474,0.10546875,0.560014825681
4,826,1,1,0.10546875,1
4,827,1,0.375,0.10546875,0.5
4,828,1,1,0.10546875,1
4,829,1,1,0.10546875,1
4,830,1,1,0.10546875,1
4,831,1,0.472470393711,0.10546875,0.629960524947
4,832,1,1,0.10546875,1
4,833,1,0.38490017946,0.10546875,0.57735026919
4,834,1,1,0.10546875,1
4,835,1,1,0.10546875,1
4,836,1,1,0.10546875,1
4,837,1,0.38490017946,0.10546875,0.57735026919
4,838,1,1,0.10546875,1
4,839,1,0.3125,0.10546875,0.5
4,840,1,1,0.10546875,1
4,841,1,1,0.10546875,1
4,842,1,1,0.10546875,1
4,843,1,1,0.10546875,1
4,844,1,1,0.10546875,1
4,845,1,1,0.10546875,1
4,846,1,1,0.10546875,1
4,847,1,1,0.10546875,1
4,848,1,1,0.10546875,1
4,849,1,0.528152947731,0.10546875,0.607625218511
4,850,1,1,0.10546875,1
4,851,1,0.445096960474,0.10546875,0.560014825681
4,852,1,1,0.10546875,1
4,853,1,1,0.10546875,1
4,854,1,1,0.10546875,1
4,855,1,0.472470393711,0.10546875,0.629960524947
4,856,1,1,0.10546875,1
4,857,1,0.38490017946,0.10546875,0.57735026919
4,858,1,1,0.10546875,1
4,859,1,1,0.10546875,1
4,860,1,1,0.10546875,1
4,861,1,0.472470393711,0.10546875,0.629960524947
4,862,1,1,0.10546875,1
4,863,1,0.38490017946,0.10546875,0.57735026919
4,864,1,1,0.10546875,1
4,865,1,1,0.10546875,1
4,866,1,1,0.10546875,1
4,867,1,0.38490017946,0.10546875,0.57735026919
4,868,1,1,0.10546875,1
4,869,1,0.3125,0.10546875,0.5
4,870,1,1,0.10546875,1
4,871,1,1,0.10546875,1
4,872,1,1,0.10546875,1
4,873,1,0.41990176065,0.10546875,0.658591323253
4,874,1,1,0.10546875,1
4,875,1,0.326446776524,0.10546875,0.605829586188
4,876,1,1,0.10546875,1
4,877,1,1,0.10546875,1
4,878,1,1,0.10546875,1
4,879,1,0.326446776524,0.10546875,0.605829586188
4,880,1,1,0.10546875,1
4,881,1,0.25,0.10546875,0.5
4,882,1,1,0.10546875,1
4,883,1,1,0.10546875,1
4,884,1,1,0.10546875,1
4,885,1,1,0.10546875,1
4,886,1,1,0.10546875,1
4,887,1,1,0.10546875,1
4,888,1,1,0.10546875,1
4,889,1,1,0.10546875,1
4,890,1,1,0.10546875,1
4,891,1,0.528152947731,0.10546875,0.607625218511
4,892,1,1,0.10546875,1
4,893,1,0.445096960474,0.10546875,0.560014825681
4,894,1,1,0.10546875,1
4,895,1,1,0.10546875,1
4,896,1,1,0.10546875,1
4,897,1,0.472470393711,0.10546875,0.629960524947
4,898,1,1,0.10546875,1
4,899,1,0.38490017946,0.10546875,0.57735026919
4,900,1,1,0.10546875,1
4,901,1,1,0.10546875,1
4,902,1,1,0.10546875,1
4,903,1,0.472470393711,0.10546875,0.629960524947
4,904,1,1,0.10546875,1
4,905,1,0.38490017946,0.10546875,0.57735026919
4,906,1,1,0.10546875,1
4,907,1,1,0.10546875,1
4,908,1,1,0.10546875,1
4,909,1,0.38490017946,0.10546875,0.57735026919
4,910,1,1,0.10546875,1
4,911,1,0.3125,0.10546875,0.5
4,912,1,1,0.10546875,1
4,913,1,1,0.10546875,1
4,914,1,1,0.10546875,1
4,915,1,0.41990176065,0.10546875,0.658591323253
4,916,1,1,0.10546875,1
4,917,1,0.326446776524,0.10546875,0.605829586188
4,918,1,1,0.10546875,1
4,919,1,1,0.10546875,1
4,920,1,1,0.10546875,1
4,921,1,0.326446776524,0.10546875,0.605829586188
4,922,1,1,0.10546875,1
4,923,1,0.25,0.10546875,0.5
4,924,1,1,0.10546875,1
4,925,1,1,0.10546875,1
4,926,1,1,0.10546875,1
4,927,1,1,0.10546875,1
4,928,1,1,0.10546875,1
4,929,1,1,0.10546875,1
4,930,1,1,0.10546875,1
4,931,1,1,0.10546875,1
4,932,1,1,0.10546875,1
4,933,1,0.445096960474,0.10546875,0.560014825681
4,934,1,1,0.10546875,1
4,935,1,0.375,0.10546875,0.5
4,936,1,1,0.10546875,1
4,937,1,1,0.10546875,1
4,938,1,1,0.10546875,1
4,939,1,0.38490017946,0.10546875,0.57735026919
4,940,1,1,0.10546875,1
4,941,1,0.3125,0.10546875,0.5
4,942,1,1,0.10546875,1
4,943,1,1,0.10546875,1
4,944,1,1,0.10546875,1
4,945,1,0.38490017946,0.10546875,0.57735026919
4,946,1,1,0.10546875,1
4,947,1,0.3125,0.10546875,0.5
4,948,1,1,0.10546875,1
4,949,1,1,0.10546875,1
4,950,1,1,0.10546875,1
4,951,1,0.3125,0.10546875,0.5
4,952,1,1,0.10546875,1
4,953,1,0.25997383708,0.10546875,0.421535165409
4,954,1,1,0.10546875,1
4,955,1,1,0.10546875,1
4,956,1,1,0.10546875,1
4,957,1,0.326446776524,0.10546875,0.605829586188
4,958,1,1,0.10546875,1
4,959,1,0.25,0.10546875,0.5
4,960,1,1,0.10546875,1
4,961,1,1,0.10546875,1
4,962,1,1,0.10546875,1
4,963,1,0.25,0.10546875,0.5
4,964,1,1,0.10546875,1
4,965,1,0.201715599427,0.10546875,0.390388203202
4,966,1,1,0.10546875,1
4,967,1,1,0.10546875,1
4,968,1,1,0.10546875,1
4,969,1,1,0.10546875,1
4,970,1,1,0.10546875,1
4,971,1,1,0.10546875,1
4,972,1,1,0.10546875,1
4,973,1,1,0.10546875,1
4,974,1,1,0.10546875,1
4,975,1,0.472470393711,0.10546875,0.629960524947
4,976,1,1,0.10546875,1
4,977,1,0.38490017946,0.10546875,0.57735026919
4,978,1,1,0.10546875,1
4,979,1,1,0.10546875,1
4,980,1,1,0.10546875,1
4,981,1,0.41990176065,0.10546875,0.658591323253
4,982,1,1,0.10546875,1
4,983,1,0.326446776524,0.10546875,0.605829586188
4,984,1,1,0.10546875,1
4,985,1,1,0.10546875,1
4,986,1,1,0.10546875,1
4,987,1,0.41990176065,0.10546875,0.658591323253
4,988,1,1,0.10546875,1
4,989,1,0.326446776524,0.10546875,0.605829586188
4,990,1,1,0.10546875,1
4,991,1,1,0.10546875,1
4,992,1,1,0.10546875,1
4,993,1,0.326446776524,0.10546875,0.605829586188
4,994,1,1,0.10546875,1
4,995,1,0.25,0.10546875,0.5
4,996,1,1,0.10546875,1
4,997,1,1,0.10546875,1
4,998,1,1,0.10546875,1
4,999,1,0.371835742363,0.10546875,0.692405781672
4,1000,1,1,0.10546875,1
4,1001,1,0.271868673751,0.10546875,0.652240483431
4,1002,1,1,0.10546875,1
4,1003,1,1,0.10546875,1
4,1004,1,1,0.10546875,1
4,1005,1,0.271868673751,0.10546875,0.652240483431
4,1006,1,1,0.10546875,1
4,1007,1,0.1875,0.10546875,0.5
4,1008,1,1,0.10546875,1
4,1009,1,1,0.10546875,1
4,1010,1,1,0.10546875,1
4,1011,1,1,0.10546875,1
4,1012,1,1,0.10546875,1
4,1013,1,1,0.10546875,1
4,1014,1,1,0.10546875,1
4,1015,1,1,0.10546875,1
4,1016,1,1,0.10546875,1
4,1017,1,0.38490017946,0.10546875,0.57735026919
4,1018,1,1,0.10546875,1
4,1019,1,0.3125,0.10546875,0.5
4,1020,1,1,0.10546875,1
4,1021,1,1,0.10546875,1
4,1022,1,1,0.10546875,1
4,1023,1,0.326446776524,0.10546875,0.605829586188
4,1024,1,1,0.10546875,1
4,1025,1,0.25,0.10546875,0.5
4,1026,1,1,0.10546875,1
4,1027,1,1,0.10546875,1
4,1028,1,1,0.10546875,1
4,1029,1,0.326446776524,0.10546875,0.605829586188
4,1030,1,1,0.10546875,1
4,1031,1,0.25,0.10546875,0.5
4,1032,1,1,0.10546875,1
4,1033,1,1,0.10546875,1
4,1034,1,1,0.10546875,1
4,1035,1,0.25,0.10546875,0.5
4,1036,1,1,0.10546875,1
4,1037,1,0.201715599427,0.10546875,0.390388203202
4,1038,1,1,0.10546875,1
4,1039,1,1,0.10546875,1
4,1040,1,1,0.10546875,1
4,1041,1,0.271868673751,0.10546875,0.652240483431
4,1042,1,1,0.10546875,1
4,1043,1,0.1875,0.10546875,0.5
4,1044,1,1,0.10546875,1
4,1045,1,1,0.10546875,1
4,1046,1,1,0.10546875,1
4,1047,1,0.1875,0.10546875,0.5
4,1048,1,1,0.10546875,1
4,1049,1,0.148148148148,0.10546875,0.333333333333
4,1050,1,1,0.10546875,1
4,1051,1,1,0.10546875,1
4,1052,1,1,0.10546875,1
4,1053,1,1,0.10546875,1
4,1054,1,1,0.10546875,1
4,1055,1,1,0.10546875,1
4,1056,1,1,0.10546875,1
4,1057,1,1,0.10546875,1
4,1058,1,1,0.10546875,1
4,1059,1,0.528152947731,0.10546875,0.607625218511
4,1060,1,1,0.10546875,1
4,1061,1,0.445096960474,0.10546875,0.560014825681
4,1062,1,1,0.10546875,1
4,1063,1,1,0.10546875,1
4,1064,1,1,0.10546875,1
4,1065,1,0.472470393711,0.10546875,0.629960524947
4,1066,1,1,0.10546875,1
4,1067,1,0.38490017946,0.10546875,0.57735026919
4,1068,1,1,0.10546875,1
4,1069,1,1,0.10546875,1
4,1070,1,1,0.10546875,1
4,1071,1,0.472470393711,0.10546875,0.629960524947
4,1072,1,1,0.10546875,1
4,1073,1,0.38490017946,0.10546875,0.57735026919
4,1074,1,1,0.10546875,1
4,1075,1,1,0.10546875,1
4,1076,1,1,0.10546875,1
4,1077,1,0.38490017946,0.10546875,0.57735026919
4,1078,1,1,0.10546875,1
4,1079,1,0.3125,0.10546875,0.5
4,1080,1,1,0.10546875,1
4,1081,1,1,0.10546875,1
4,1082,1,1,0.10546875,1
4,1083,1,0.41990176065,0.10546875,0.658591323253
4,1084,1,1,0.10546875,1
4,1085,1,0.326446776524,0.10546875,0.605829586188
4,1086,1,1,0.10546875,1
4,1087,1,1,0.10546875,1
4,1088,1,1,0.10546875,1
4,1089,1,0.326446776524,0.10546875,0.605829586188
4,1090,1,1,0.10546875,1
4,1091,1,0.25,0.10546875,0.5
4,1092,1,1,0.10546875,1
4,1093,1,1,0.10546875,1
4,1094,1,1,0.10546875,1
4,1095,1,1,0.10546875,1
4,1096,1,1,0.10546875,1
4,1097,1,1,0.10546875,1
4,1098,1,1,0.10546875,1
4,1099,1,1,0.10546875,1
4,1100,1,1,0.10546875,1
4,1101,1,0.472470393711,0.10546875,0.629960524947
4,1102,1,1,0.10546875,1
4,1103,1,0.38490017946,0.10546875,0.57735026919
4,1104,1,1,0.10546875,1
4,1105,1,1,0.10546875,1
4,1106,1,1,0.10546875,1
4,1107,1,0.41990176065,0.10546875,0.658591323253
4,1108,1,1,0.10546875,1
4,1109,1,0.326446776524,0.10546875,0.605829586188
4,1110,1,1,0.10546875,1
4,1111,1,1,0.10546875,1
4,1112,1,1,0.10546875,1
4,1113,1,0.41990176065,0.10546875,0.658591323253
4,1114,1,1,0.10546875,1
4,1115,1,0.326446776524,0.10546875,0.605829586188
4,1116,1,1,0.10546875,1
4,1117,1,1,0.10546875,1
4,1118,1,1,0.10546875,1
4,1119,1,0.326446776524,0.10546875,0.605829586188
4,1120,1,1,0.10546875,1
4,1121,1,0.25,0.10546875,0.5
4,1122,1,1,0.10546875,1
4,1123,1,1,0.10546875,1
4,1124,1,1,0.10546875,1
4,1125,1,0.371835742363,0.10546875,0.692405781672
4,1126,1,1,0.10546875,1
4,1127,1,0.271868673751,0.10546875,0.652240483431
4,1128,1,1,0.10546875,1
4,1129,1,1,0.10546875,1
4,1130,1,1,0.10546875,1
4,1131,1,0.271868673751,0.10546875,0.652240483431
4,1132,1,1,0.10546875,1
4,1133,1,0.1875,0.10546875,0.5
4,1134,1,1,0.10546875,1
4,1135,1,1,0.10546875,1
4,1136,1,1,0.10546875,1
4,1137,1,1,0.10546875,1
4,1138,1,1,0.10546875,1
4,1139,1,1,0.10546875,1
4,1140,1,1,0.10546875,1
4,1141,1,1,0.10546875,1
4,1142,1,1,0.10546875,1
4,1143,1,0.472470393711,0.10546875,0.629960524947
4,1144,1,1,0.10546875,1
4,1145,1,0.38490017946,0.10546875,0.57735026919
4,1146,1,1,0.10546875,1
4,1147,1,1,0.10546875,1
4,1148,1,1,0.10546875,1
4,1149,1,0.41990176065,0.10546875,0.658591323253
4,1150,1,1,0.10546875,1
4,1151,1,0.326446776524,0.10546875,0.605829586188
4,1152,1,1,0.10546875,1
4,1153,1,1,0.10546875,1
4,1154,1,1,0.10546875,1
4,1155,1,0.41990176065,0.10546875,0.658591323253
4,1156,1,1,0.10546875,1
4,1157,1,0.326446776524,0.10546875,0.605829586188
4,1158,1,1,0.10546875,1
4,1159,1,1,0.10546875,1
4,1160,1,1,0.10546875,1
4,1161,1,0.326446776524,0.10546875,0.605829586188
4,1162,1,1,0.10546875,1
4,1163,1,0.25,0.10546875,0.5
4,1164,1,1,0.10546875,1
4,1165,1,1,0.10546875,1
4,1166,1,1,0.10546875,1
4,1167,1,0.371835742363,0.10546875,0.692405781672
4,1168,1,1,0.10546875,1
4,1169,1,0.271868673751,0.10546875,0.652240483431
4,1170,1,1,0.10546875,1
4,1171,1,1,0.10546875,1
4,1172,1,1,0.10546875,1
4,1173,1,0.271868673751,0.10546875,0.652240483431
4,1174,1,1,0.10546875,1
4,1175,1,0.1875,0.10546875,0.5
4,1176,1,1,0.10546875,1
4,1177,1,1,0.10546875,1
4,1178,1,1,0.10546875,1
4,1179,1,1,0.10546875,1
4,1180,1,1,0.10546875,1
4,1181,1,1,0.10546875,1
4,1182,1,1,0.10546875,1
4,1183,1,1,0.10546875,1
4,1184,1,1,0.10546875,1
4,1185,1,0.38490017946,0.10546875,0.57735026919
4,1186,1,1,0.10546875,1
4,1187,1,0.3125,0.10546875,0.5
4,1188,1,1,0.10546875,1
4,1189,1,1,0.10546875,1
4,1190,1,1,0.10546875,1
4,1191,1,0.326446776524,0.10546875,0.605829586188
4,1192,1,1,0.10546875,1
4,1193,1,0.25,0.10546875,0.5
4,1194,1,1,0.10546875,1
4,1195,1,1,0.10546875,1
4,1196,1,1,0.10546875,1
4,1197,1,0.326446776524,0.10546875,0.605829586188
4,1198,1,1,0.10546875,1
4,1199,1,0.25,0.10546875,0.5
4,1200,1,1,0.10546875,1
4,1201,1,1,0.10546875,1
4,1202,1,1,0.10546875,1
4,1203,1,0.25,0.10546875,0.5
4,1204,1,1,0.10546875,1
4,1205,1,0.201715599427,0.10546875,0.390388203202
4,1206,1,1,0.10546875,1
4,1207,1,1,0.10546875,1
4,1208,1,1,0.10546875,1
4,1209,1,0.271868673751,0.10546875,0.652240483431
4,1210,1,1,0.10546875,1
4,1211,1,0.1875,0.10546875,0.5
4,1212,1,1,0.10546875,1
4,1213,1,1,0.10546875,1
4,1214,1,1,0.10546875,1
4,1215,1,0.1875,0.10546875,0.5
4,1216,1,1,0.10546875,1
4,1217,1,0.148148148148,0.10546875,0.333333333333
4,1218,1,1,0.10546875,1
4,1219,1,1,0.10546875,1
4,1220,1,1,0.10546875,1
4,1221,1,1,0.10546875,1
4,1222,1,1,0.10546875,1
4,1223,1,1,0.10546875,1
4,1224,1,1,0.10546875,1
4,1225,1,1,0.10546875,1
4,1226,1,1,0.10546875,1
4,1227,1,0.41990176065,0.10546875,0.658591323253
4,1228,1,1,0.10546875,1
4,1229,1,0.326446776524,0.10546875,0.605829586188
4,1230,1,1,0.10546875,1
4,1231,1,1,0.10546875,1
4,1232,1,1,0.10546875,1
4,1233,1,0.371835742363,0.10546875,0.692405781672
4,1234,1,1,0.10546875,1
4,1235,1,0.271868673751,0.10546875,0.652240483431
4,1236,1,1,0.10546875,1
4,1237,1,1,0.10546875,1
4,1238,1,1,0.10546875,1
4,1239,1,0.371835742363,0.10546875,0.692405781672
4,1240,1,1,0.10546875,1
4,1241,1,0.271868673751,0.10546875,0.652240483431
4,1242,1,1,0.10546875,1
4,1243,1,1,0.10546875,1
4,1244,1,1,0.10546875,1
4,1245,1,0.271868673751,0.10546875,0.652240483431
4,1246,1,1,0.10546875,1
4,1247,1,0.1875,0.10546875,0.5
4,1248,1,1,0.10546875,1
4,1249,1,1,0.10546875,1
4,1250,1,1,0.10546875,1
4,1251,1,0.329486178278,0.10546875,0.727705020551
4,1252,1,1,0.10546875,1
4,1253,1,0.224912101829,0.10546875,0.712287056131
4,1254,1,1,0.10546875,1
4,1255,1,1,0.10546875,1
4,1256,1,1,0.10546875,1
4,1257,1,0.224912101829,0.10546875,0.712287056131
4,1258,1,1,0.10546875,1
4,1259,1,0.125,0.10546875,0.499995907668
4,1260,1,1,0.10546875,1
4,1261,1,1,0.10546875,1
4,1262,1,1,0.10546875,1
4,1263,1,1,0.10546875,1
4,1264,1,1,0.10546875,1
4,1265,1,1,0.10546875,1
4,1266,1,1,0.10546875,1
4,1267,1,1,0.10546875,1
4,1268,1,1,0.10546875,1
4,1269,1,0.326446776524,0.10546875,0.605829586188
4,1270,1,1,0.10546875,1
4,1271,1,0.25,0.10546875,0.5
4,1272,1,1,0.10546875,1
4,1273,1,1,0.10546875,1
4,1274,1,1,0.10546875,1
4,1275,1,0.271868673751,0.10546875,0.652240483431
4,1276,1,1,0.10546875,1
4,1277,1,0.1875,0.10546875,0.5
4,1278,1,1,0.10546875,1
4,1279,1,1,0.10546875,1
4,1280,1,1,0.10546875,1
4,1281,1,0.271868673751,0.10546875,0.652240483431
4,1282,1,1,0.10546875,1
4,1283,1,0.1875,0.10546875,0.5
4,1284,1,1,0.10546875,1
4,1285,1,1,0.10546875,1
4,1286,1,1,0.10546875,1
4,1287,1,0.1875,0.10546875,0.5
4,1288,1,1,0.10546875,1
4,1289,1,0.148148148148,0.10546875,0.333333333333
4,1290,1,1,0.10546875,1
4,1291,1,1,0.10546875,1
4,1292,1,1,0.10546875,1
4,1293,1,0.224912101829,0.10546875,0.712287056131
4,1294,1,1,0.10546875,1
4,1295,1,0.125,0.10546875,0.499995907668
4,1296,1,1,0.10546875,1
4,1297,1,1,0.10546875,1
4,1298,1,1,0.10546875,1
4,1299,1,0.125,0.10546875,0.499995907668
4,1300,1,1,0.10546875,1
4,1301,1,0.10546875,0.10546875,0.25
4,1302,0,1,0,1
4,1303,0,1,0,1
4,1304,0,1,0,1
4,1305,0,1,0,1
4,1306,0,1,0,1
4,1307,0,1,0,1
4,1308,0,1,0,1
4,1309,0,1,0,1
4,1310,0,1,0,1
4,1311,0,0.54931640625,0,0.625
4,1312,0,1,0,1
4,1313,0,0.460997720618,0,0.591751709536
4,1314,0,1,0,1
4,1315,0,1,0,1
4,1316,0,1,0,1
4,1317,0,0.495500066155,0,0.643892774775
4,1318,0,1,0,1
4,1319,0,0.403431198854,0,0.609611796798
4,1320,0,1,0,1
4,1321,0,1,0,1
4,1322,0,1,0,1
4,1323,0,0.495500066155,0,0.643892774775
4,1324,0,1,0,1
4,1325,0,0.403431198854,0,0.609611796798
4,1326,0,1,0,1
4,1327,0,1,0,1
4,1328,0,1,0,1
4,1329,0,0.403431198854,0,0.609611796798
4,1330,0,1,0,1
4,1331,0,0.320123259525,0,0.560423565197
4,1332,0,1,0,1
4,1333,0,1,0,1
4,1334,0,1,0,1
4,1335,0,0.444444444444,0,0.666666666667
4,1336,0,1,0,1
4,1337,0,0.348076211353,0,0.633974596216
4,1338,0,1,0,1
4,1339,0,1,0,1
4,1340,0,1,0,1
4,1341,0,0.348076211353,0,0.633974596216
4,1342,0,1,0,1
4,1343,0,0.25997383708,0,0.578464834591
4,1344,0,1,0,1
4,1345,0,1,0,1
4,1346,0,1,0,1
4,1347,0,1,0,1
4,1348,0,1,0,1
4,1349,0,1,0,1
4,1350,0,1,0,1
4,1351,0,1,0,1
4,1352,0,1,0,1
4,1353,0,0.495500066155,0,0.643892774775
4,1354,0,1,0,1
4,1355,0,0.403431198854,0,0.609611796798
4,1356,0,1,0,1
4,1357,0,1,0,1
4,1358,0,1,0,1
4,1359,0,0.444444444444,0,0.666666666667
4,1360,0,1,0,1
4,1361,0,0.348076211353,0,0.633974596216
4,1362,0,1,0,1
4,1363,0,1,0,1
4,1364,0,1,0,1
4,1365,0,0.444444444444,0,0.666666666667
4,1366,0,1,0,1
4,1367,0,0.348076211353,0,0.633974596216
4,1368,0,1,0,1
4,1369,0,1,0,1
4,1370,0,1,0,1
4,1371,0,0.348076211353,0,0.633974596216
4,1372,0,1,0,1
4,1373,0,0.25997383708,0,0.578464834591
4,1374,0,1,0,1
4,1375,0,1,0,1
4,1376,0,1,0,1
4,1377,0,0.397046341,0,0.693000468165
4,1378,0,1,0,1
4,1379,0,0.296296296296,0,0.666666666667
4,1380,0,1,0,1
4,1381,0,1,0,1
4,1382,0,1,0,1
4,1383,0,0.296296296296,0,0.666666666667
4,1384,0,1,0,1
4,1385,0,0.201715599427,0,0.609611796798
4,1386,0,1,0,1
4,1387,0,1,0,1
4,1388,0,1,0,1
4,1389,0,1,0,1
4,1390,0,1,0,1
4,1391,0,1,0,1
4,1392,0,1,0,1
4,1393,0,1,0,1
4,1394,0,1,0,1
4,1395,0,0.495500066155,0,0.643892774775
4,1396,0,1,0,1
4,1397,0,0.403431198854,0,0.609611796798
4,1398,0,1,0,1
4,1399,0,1,0,1
4,1400,0,1,0,1
4,1401,0,0.444444444444,0,0.666666666667
4,1402,0,1,0,1
4,1403,0,0.348076211353,0,0.633974596216
4,1404,0,1,0,1
4,1405,0,1,0,1
4,1406,0,1,0,1
4,1407,0,0.444444444444,0,0.666666666667
4,1408,0,1,0,1
4,1409,0,0.348076211353,0,0.633974596216
4,1410,0,1,0,1
4,1411,0,1,0,1
4,1412,0,1,0,1
4,1413,0,0.348076211353,0,0.633974596216
4,1414,0,1,0,1
4,1415,0,0.25997383708,0,0.578464834591
4,1416,0,1,0,1
4,1417,0,1,0,1
4,1418,0,1,0,1
4,1419,0,0.397046341,0,0.693000468165
4,1420,0,1,0,1
4,1421,0,0.296296296296,0,0.666666666667
4,1422,0,1,0,1
4,1423,0,1,0,1
4,1424,0,1,0,1
4,1425,0,0.296296296296,0,0.666666666667
4,1426,0,1,0,1
4,1427,0,0.201715599427,0,0.609611796798
4,1428,0,1,0,1
4,1429,0,1,0,1
4,1430,0,1,0,1
4,1431,0,1,0,1
4,1432,0,1,0,1
4,1433,0,1,0,1
4,1434,0,1,0,1
4,1435,0,1,0,1
4,1436,0,1,0,1
4,1437,0,0.403431198854,0,0.609611796798
4,1438,0,1,0,1
4,1439,0,0.320123259525,0,0.560423565197
4,1440,0,1,0,1
4,1441,0,1,0,1
4,1442,0,1,0,1
4,1443,0,0.348076211353,0,0.633974596216
4,1444,0,1,0,1
4,1445,0,0.25997383708,0,0.578464834591
4,1446,0,1,0,1
4,1447,0,1,0,1
4,1448,0,1,0,1
4,1449,0,0.348076211353,0,0.633974596216
4,1450,0,1,0,1
4,1451,0,0.25997383708,0,0.578464834591
4,1452,0,1,0,1
4,1453,0,1,0,1
4,1454,0,1,0,1
4,1455,0,0.25997383708,0,0.578464834591
4,1456,0,1,0,1
4,1457,0,0.1875,0,0.5
4,1458,0,1,0,1
4,1459,0,1,0,1
4,1460,0,1,0,1
4,1461,0,0.296296296296,0,0.666666666667
4,1462,0,1,0,1
4,1463,0,0.201715599427,0,0.609611796798
4,1464,0,1,0,1
4,1465,0,1,0,1
4,1466,0,1,0,1
4,1467,0,0.201715599427,0,0.609611796798
4,1468,0,1,0,1
4,1469,0,0.125,0,0.5
4,1470,0,1,0,1
4,1471,0,1,0,1
4,1472,0,1,0,1
4,1473,0,1,0,1
4,1474,0,1,0,1
4,1475,0,1,0,1
4,1476,0,1,0,1
4,1477,0,1,0,1
4,1478,0,1,0,1
4,1479,0,0.444444444444,0,0.666666666667
4,1480,0,1,0,1
4,1481,0,0.348076211353,0,0.633974596216
4,1482,0,1,0,1
4,1483,0,1,0,1
4,1484,0,1,0,1
4,1485,0,0.397046341,0,0.693000468165
4,1486,0,1,0,1
4,1487,0,0.296296296296,0,0.666666666667
4,1488,0,1,0,1
4,1489,0,1,0,1
4,1490,0,1,0,1
4,1491,0,0.397046341,0,0.693000468165
4,1492,0,1,0,1
4,1493,0,0.296296296296,0,0.666666666667
4,1494,0,1,0,1
4,1495,0,1,0,1
4,1496,0,1,0,1
4,1497,0,0.296296296296,0,0.666666666667
4,1498,0,1,0,1
4,1499,0,0.201715599427,0,0.609611796798
4,1500,0,1,0,1
4,1501,0,1,0,1
4,1502,0,1,0,1
4,1503,0,0.354177801125,0,0.721500234082
4,1504,0,1,0,1
4,1505,0,0.25,0,0.707106781187
4,1506,0,1,0,1
4,1507,0,1,0,1
4,1508,0,1,0,1
4,1509,0,0.25,0,0.707106781187
4,1510,0,1,0,1
4,1511,0,0.148148148148,0,0.666666666667
4,1512,0,1,0,1
4,1513,0,1,0,1
4,1514,0,1,0,1
4,1515,0,1,0,1
4,1516,0,1,0,1
4,1517,0,1,0,1
4,1518,0,1,0,1
4,1519,0,1,0,1
4,1520,0,1,0,1
4,1521,0,0.348076211353,0,0.633974596216
4,1522,0,1,0,1
4,1523,0,0.25997383708,0,0.578464834591
4,1524,0,1,0,1
4,1525,0,1,0,1
4,1526,0,1,0,1
4,1527,0,0.296296296296,0,0.666666666667
4,1528,0,1,0,1
4,1529,0,0.201715599427,0,0.609611796798
4,1530,0,1,0,1
4,1531,0,1,0,1
4,1532,0,1,0,1
4,1533,0,0.296296296296,0,0.666666666667
4,1534,0,1,0,1
4,1535,0,0.201715599427,0,0.609611796798
4,1536,0,1,0,1
4,1537,0,1,0,1
4,1538,0,1,0,1
4,1539,0,0.201715599427,0,0.609611796798
4,1540,0,1,0,1
4,1541,0,0.125,0,0.5
4,1542,0,1,0,1
4,1543,0,1,0,1
4,1544,0,1,0,1
4,1545,0,0.25,0,0.707106781187
4,1546,0,1,0,1
4,1547,0,0.148148148148,0,0.666666666667
4,1548,0,1,0,1
4,1549,0,1,0,1
4,1550,0,1,0,1
4,1551,0,0.148148148148,0,0.666666666667
4,1552,0,1,0,1
4,1553,0,0.0625,0,0.5
4,1554,0,1,0,1
4,1555,0,1,0,1
4,1556,0,1,0,1
4,1557,0,1,0,1
4,1558,0,1,0,1
4,1559,0,1,0,1
4,1560,0,1,0,1
4,1561,0,1,0,1
4,1562,0,1,0,1
4,1563,0,0.495500066155,0,0.643892774775
4,1564,0,1,0,1
4,1565,0,0.403431198854,0,0.609611796798
4,1566,0,1,0,1
4,1567,0,1,0,1
4,1568,0,1,0,1
4,1569,0,0.444444444444,0,0.666666666667
4,1570,0,1,0,1
4,1571,0,0.348076211353,0,0.633974596216
4,1572,0,1,0,1
4,1573,0,1,0,1
4,1574,0,1,0,1
4,1575,0,0.444444444444,0,0.666666666667
4,1576,0,1,0,1
4,1577,0,0.348076211353,0,0.633974596216
4,1578,0,1,0,1
4,1579,0,1,0,1
4,1580,0,1,0,1
4,1581,0,0.348076211353,0,0.633974596216
4,1582,0,1,0,1
4,1583,0,0.25997383708,0,0.578464834591
4,1584,0,1,0,1
4,1585,0,1,0,1
4,1586,0,1,0,1
4,1587,0,0.397046341,0,0.693000468165
4,1588,0,1,0,1
4,1589,0,0.296296296296,0,0.666666666667
4,1590,0,1,0,1
4,1591,0,1,0,1
4,1592,0,1,0,1
4,1593,0,0.296296296296,0,0.666666666667
4,1594,0,1,0,1
4,1595,0,0.201715599427,0,0.609611796798
4,1596,0,1,0,1
4,1597,0,1,0,1
4,1598,0,1,0,1
4,1599,0,1,0,1
4,1600,0,1,0,1
4,1601,0,1,0,1
4,1602,0,1,0,1
4,1603,0,1,0,1
4,1604,0,1,0,1
4,1605,0,0.444444444444,0,0.666666666667
4,1606,0,1,0,1
4,1607,0,0.348076211353,0,0.633974596216
4,1608,0,1,0,1
4,1609,0,1,0,1
4,1610,0,1,0,1
4,1611,0,0.397046341,0,0.693000468165
4,1612,0,1,0,1
4,1613,0,0.296296296296,0,0.666666666667
4,1614,0,1,0,1
4,1615,0,1,0,1
4,1616,0,1,0,1
4,1617,0,0.397046341,0,0.693000468165
4,1618,0,1,0,1
4,1619,0,0.296296296296,0,0.666666666667
4,1620,0,1,0,1
4,1621,0,1,0,1
4,1622,0,1,0,1
4,1623,0,0.296296296296,0,0.666666666667
4,1624,0,1,0,1
4,1625,0,0.201715599427,0,0.609611796798
4,1626,0,1,0,1
4,1627,0,1,0,1
4,1628,0,1,0,1
4,1629,0,0.354177801125,0,0.721500234082
4,1630,0,1,0,1
4,1631,0,0.25,0,0.707106781187
4,1632,0,1,0,1
4,1633,0,1,0,1
4,1634,0,1,0,1
4,1635,0,0.25,0,0.707106781187
4,1636,0,1,0,1
4,1637,0,0.148148148148,0,0.666666666667
4,1638,0,1,0,1
4,1639,0,1,0,1
4,1640,0,1,0,1
4,1641,0,1,0,1
4,1642,0,1,0,1
4,1643,0,1,0,1
4,1644,0,1,0,1
4,1645,0,1,0,1
4,1646,0,1,0,1
4,1647,0,0.444444444444,0,0.666666666667
4,1648,0,1,0,1
4,1649,0,0.348076211353,0,0.633974596216
4,1650,0,1,0,1
4,1651,0,1,0,1
4,1652,0,1,0,1
4,1653,0,0.397046341,0,0.693000468165
4,1654,0,1,0,1
4,1655,0,0.296296296296,0,0.666666666667
4,1656,0,1,0,1
4,1657,0,1,0,1
4,1658,0,1,0,1
4,1659,0,0.397046341,0,0.693000468165
4,1660,0,1,0,1
4,1661,0,0.296296296296,0,0.666666666667
4,1662,0,1,0,1
4,1663,0,1,0,1
4,1664,0,1,0,1
4,1665,0,0.296296296296,0,0.666666666667
4,1666,0,1,0,1
4,1667,0,0.201715599427,0,0.609611796798
4,1668,0,1,0,1
4,1669,0,1,0,1
4,1670,0,1,0,1
4,1671,0,0.354177801125,0,0.721500234082
4,1672,0,1,0,1
4,1673,0,0.25,0,0.707106781187
4,1674,0,1,0,1
4,1675,0,1,0,1
4,1676,0,1,0,1
4,1677,0,0.25,0,0.707106781187
4,1678,0,1,0,1
4,1679,0,0.148148148148,0,0.666666666667
4,1680,0,1,0,1
4,1681,0,1,0,1
4,1682,0,1,0,1
4,1683,0,1,0,1
4,1684,0,1,0,1
4,1685,0,1,0,1
4,1686,0,1,0,1
4,1687,0,1,0,1
4,1688,0,1,0,1
4,1689,0,0.348076211353,0,0.633974596216
4,1690,0,1,0,1
4,1691,0,0.25997383708,0,0.578464834591
4,1692,0,1,0,1
4,1693,0,1,0,1
4,1694,0,1,0,1
4,1695,0,0.296296296296,0,0.666666666667
4,1696,0,1,0,1
4,1697,0,0.201715599427,0,0.609611796798
4,1698,0,1,0,1
4,1699,0,1,0,1
4,1700,0,1,0,1
4,1701,0,0.296296296296,0,0.666666666667
4,1702,0,1,0,1
4,1703,0,0.201715599427,0,0.609611796798
4,1704,0,1,0,1
4,1705,0,1,0,1
4,1706,0,1,0,1
4,1707,0,0.201715599427,0,0.609611796798
4,1708,0,1,0,1
4,1709,0,0.125,0,0.5
4,1710,0,1,0,1
4,1711,0,1,0,1
4,1712,0,1,0,1
4,1713,0,0.25,0,0.707106781187
4,1714,0,1,0,1
4,1715,0,0.148148148148,0,0.666666666667
4,1716,0,1,0,1
4,1717,0,1,0,1
4,1718,0,1,0,1
4,1719,0,0.148148148148,0,0.666666666667
4,1720,0,1,0,1
4,1721,0,0.0625,0,0.5
4,1722,0,1,0,1
4,1723,0,1,0,1
4,1724,0,1,0,1
4,1725,0,1,0,1
4,1726,0,1,0,1
4,1727,0,1,0,1
4,1728,0,1,0,1
4,1729,0,1,0,1
4,1730,0,1,0,1
4,1731,0,0.397046341,0,0.693000468165
4,1732,0,1,0,1
4,1733,0,0.296296296296,0,0.666666666667
4,1734,0,1,0,1
4,1735,0,1,0,1
4,1736,0,1,0,1
4,1737,0,0.354177801125,0,0.721500234082
4,1738,0,1,0,1
4,1739,0,0.25,0,0.707106781187
4,1740,0,1,0,1
4,1741,0,1,0,1
4,1742,0,1,0,1
4,1743,0,0.354177801125,0,0.721500234082
4,1744,0,1,0,1
4,1745,0,0.25,0,0.707106781187
4,1746,0,1,0,1
4,1747,0,1,0,1
4,1748,0,1,0,1
4,1749,0,0.25,0,0.707106781187
4,1750,0,1,0,1
4,1751,0,0.148148148148,0,0.666666666667
4,1752,0,1,0,1
4,1753,0,1,0,1
4,1754,0,1,0,1
4,1755,0,0.31640625,0,0.75
4,1756,0,1,0,1
4,1757,0,0.2109375,0,0.75
4,1758,0,1,0,1
4,1759,0,1,0,1
4,1760,0,1,0,1
4,1761,0,0.2109375,0,0.75
4,1762,0,1,0,1
4,1763,0,0.10546875,0,0.75
4,1764,0,1,0,1
4,1765,0,1,0,1
4,1766,0,1,0,1
4,1767,0,1,0,1
4,1768,0,1,0,1
4,1769,0,1,0,1
4,1770,0,1,0,1
4,1771,0,1,0,1
4,1772,0,1,0,1
4,1773,0,0.296296296296,0,0.666666666667
4,1774,0,1,0,1
4,1775,0,0.201715599427,0,0.609611796798
4,1776,0,1,0,1
4,1777,0,1,0,1
4,1778,0,1,0,1
4,1779,0,0.25,0,0.707106781187
4,1780,0,1,0,1
4,1781,0,0.148148148148,0,0.666666666667
4,1782,0,1,0,1
4,1783,0,1,0,1
4,1784,0,1,0,1
4,1785,0,0.25,0,0.707106781187
4,1786,0,1,0,1
4,1787,0,0.148148148148,0,0.666666666667
4,1788,0,1,0,1
4,1789,0,1,0,1
4,1790,0,1,0,1
4,1791,0,0.148148148148,0,0.666666666667
4,1792,0,1,0,1
4,1793,0,0.0625,0,0.5
4,1794,0,1,0,1
4,1795,0,1,0,1
4,1796,0,1,0,1
4,1797,0,0.2109375,0,0.75
4,1798,0,1,0,1
4,1799,0,0.10546875,0,0.75
4,1800,0,1,0,1
4,1801,0,1,0,1
4,1802,0,1,0,1
4,1803,0,0.10546875,0,0.75
4,1804,0,1,0,1
4,1805,0,0,0,0
