regime,m,seed,method,full_audit_cost,expected_deployment_cost,workflow_risk,uniform_bound,groups,saved_fraction,pilot_audit_cost,gate_endpoint_cost,joint_history_risk
stable,200,0,joint_clean,384,138.433053766,0.00352371758274,0.0497745606212,1,0.639497255818,0,12,True
stable,200,0,singleton_clean,384,348.13121284,0.000385816522727,0.0429864684803,8,0.0934082998956,0,12,True
stable,200,0,pilot_partition,384,138.433053766,0.00352371758274,0.0497745606212,1,0.639497255818,768,12,True
stable,200,0,rate_oracle_partition,384,138.433053766,0.00352371758274,0.0497745606212,1,0.639497255818,0,12,True
stable,200,0,joint_conditional_PAC,384,372.306335894,0.000125988571593,0.00183481208215,1,0.0304522502771,0,12,True
stable,200,0,audit_all,384,384,-0,,0,0,0,0,True
stable,200,0,known_rate_calendar,384,0,0.0240443773761,0.05,0,1,0,0,True
stable,200,0,plugin_calendar,384,2,0.0208035966681,,0,0.994791666667,768,0,True
stable,200,0,plugin_global_TTL,384,12,0.0172865275955,,0,0.96875,768,0,True
stable,200,0,CP_calendar,384,384,-0,0.05,0,0,0,120,False
stable,200,1,joint_clean,384,140.82541607,0.0032235159254,0.0481681493208,1,0.633267145652,0,12,True
stable,200,1,singleton_clean,384,349.118205452,0.000353323844914,0.0412383284888,8,0.090838006636,0,12,True
stable,200,1,pilot_partition,384,140.82541607,0.0032235159254,0.0481681493208,1,0.633267145652,768,12,True
stable,200,1,rate_oracle_partition,384,140.82541607,0.0032235159254,0.0481681493208,1,0.633267145652,0,12,True
stable,200,1,joint_conditional_PAC,384,372.280742943,0.000115590243901,0.00183481208215,1,0.0305188985856,0,12,True
stable,200,1,audit_all,384,384,-0,,0,0,0,0,True
stable,200,1,known_rate_calendar,384,0,0.0225956161311,0.05,0,1,0,0,True
stable,200,1,plugin_calendar,384,0,0.0225956161311,,0,1,768,0,True
stable,200,1,plugin_global_TTL,384,0,0.0225956161311,,0,1,768,0,True
stable,200,1,CP_calendar,384,384,-0,0.05,0,0,0,120,False
stable,200,2,joint_clean,384,135.762132333,0.00312329703994,0.0497745606212,1,0.646452780382,0,12,True
stable,200,2,singleton_clean,384,348.112154182,0.000342657664016,0.0429864684803,8,0.0934579318187,0,12,True
stable,200,2,pilot_partition,384,135.762132333,0.00312329703994,0.0497745606212,1,0.646452780382,768,12,True
stable,200,2,rate_oracle_partition,384,135.762132333,0.00312329703994,0.0497745606212,1,0.646452780382,0,12,True
stable,200,2,joint_conditional_PAC,384,372.272226724,0.000112124941947,0.00183481208215,1,0.0305410762385,0,12,True
stable,200,2,audit_all,384,384,-0,,0,0,0,0,True
stable,200,2,known_rate_calendar,384,0,0.0206054295608,0.05,0,1,0,0,True
stable,200,2,plugin_calendar,384,0,0.0206054295608,,0,1,768,0,True
stable,200,2,plugin_global_TTL,384,0,0.0206054295608,,0,1,768,0,True
stable,200,2,CP_calendar,384,384,-0,0.05,0,0,0,120,False
stable,200,3,joint_clean,384,137.060593745,0.00336144346963,0.0497745606212,1,0.643071370455,0,12,True
stable,200,3,singleton_clean,384,348.121610656,0.00036193076014,0.0429864684803,8,0.0934333055828,0,12,True
stable,200,3,pilot_partition,384,137.060593745,0.00336144346963,0.0497745606212,1,0.643071370455,768,12,True
stable,200,3,rate_oracle_partition,384,137.060593745,0.00336144346963,0.0497745606212,1,0.643071370455,0,12,True
stable,200,3,joint_conditional_PAC,384,372.287458992,0.000118321218205,0.00183481208215,1,0.0305014088753,0,12,True
stable,200,3,audit_all,384,384,-0,,0,0,0,0,True
stable,200,3,known_rate_calendar,384,0,0.0210845162545,0.05,0,1,0,0,True
stable,200,3,plugin_calendar,384,0,0.0210845162545,,0,1,768,0,True
stable,200,3,plugin_global_TTL,384,0,0.0210845162545,,0,1,768,0,True
stable,200,3,CP_calendar,384,384,-0,0.05,0,0,0,120,False
stable,200,4,joint_clean,384,140.703184091,0.00313409824646,0.0497745606212,1,0.633585458096,0,12,True
stable,200,4,singleton_clean,384,348.118080504,0.000345944237326,0.0429864684803,8,0.0934424986887,0,12,True
stable,200,4,pilot_partition,384,140.703184091,0.00313409824646,0.0497745606212,1,0.633585458096,768,12,True
stable,200,4,rate_oracle_partition,384,140.703184091,0.00313409824646,0.0497745606212,1,0.633585458096,0,12,True
stable,200,4,joint_conditional_PAC,384,372.274852245,0.000113193558797,0.00183481208215,1,0.0305342389444,0,12,True
stable,200,4,audit_all,384,384,-0,,0,0,0,0,True
stable,200,4,known_rate_calendar,384,0,0.0200789286595,0.05,0,1,0,0,True
stable,200,4,plugin_calendar,384,0,0.0200789286595,,0,1,768,0,True
stable,200,4,plugin_global_TTL,384,0,0.0200789286595,,0,1,768,0,True
stable,200,4,CP_calendar,384,384,-0,0.05,0,0,0,120,False
stable,200,5,joint_clean,384,133.794215849,0.00310726241652,0.0497745606212,1,0.651577562893,0,12,True
stable,200,5,singleton_clean,384,349.114387234,0.000341850683948,0.0412383284888,8,0.0908479499107,0,12,True
stable,200,5,pilot_partition,384,147.551526495,0.00257630706404,0.0497745606212,2,0.615751233087,768,12,True
stable,200,5,rate_oracle_partition,384,133.794215849,0.00310726241652,0.0497745606212,1,0.651577562893,0,12,True
stable,200,5,joint_conditional_PAC,384,372.271603868,0.000111871396168,0.00183481208215,1,0.0305426982606,0,12,True
stable,200,5,audit_all,384,384,-0,,0,0,0,0,True
stable,200,5,known_rate_calendar,384,0,0.0190365318302,0.05,0,1,0,0,True
stable,200,5,plugin_calendar,384,2,0.018285393713,,0,0.994791666667,768,0,True
stable,200,5,plugin_global_TTL,384,28,0.0131343694941,,0,0.927083333333,768,0,True
stable,200,5,CP_calendar,384,384,-0,0.05,0,0,0,120,False
stable,200,6,joint_clean,384,139.674151152,0.00306928460231,0.0497745606212,1,0.636265231375,0,12,True
stable,200,6,singleton_clean,384,348.114832953,0.000342789960864,0.0429864684803,8,0.0934509558513,0,12,True
stable,200,6,pilot_partition,384,139.674151152,0.00306928460231,0.0497745606212,1,0.636265231375,768,12,True
stable,200,6,rate_oracle_partition,384,139.674151152,0.00306928460231,0.0497745606212,1,0.636265231375,0,12,True
stable,200,6,joint_conditional_PAC,384,372.272359255,0.000112178889425,0.00183481208215,1,0.030540731106,0,12,True
stable,200,6,audit_all,384,384,-0,,0,0,0,0,True
stable,200,6,known_rate_calendar,384,0,0.0205836900099,0.05,0,1,0,0,True
stable,200,6,plugin_calendar,384,0,0.0205836900099,,0,1,768,0,True
stable,200,6,plugin_global_TTL,384,0,0.0205836900099,,0,1,768,0,True
stable,200,6,CP_calendar,384,384,-0,0.05,0,0,0,120,False
stable,200,7,joint_clean,384,136.419037346,0.00353720675025,0.0497745606212,1,0.644742090244,0,12,True
stable,200,7,singleton_clean,384,348.129152302,0.000381942928766,0.0429864684803,8,0.093413665881,0,12,True
stable,200,7,pilot_partition,384,136.419037346,0.00353720675025,0.0497745606212,1,0.644742090244,768,12,True
stable,200,7,rate_oracle_partition,384,136.419037346,0.00353720675025,0.0497745606212,1,0.644742090244,0,12,True
stable,200,7,joint_conditional_PAC,384,372.303261607,0.000124740737862,0.00183481208215,1,0.030460256232,0,12,True
stable,200,7,audit_all,384,384,-0,,0,0,0,0,True
stable,200,7,known_rate_calendar,384,0,0.0205268051531,0.05,0,1,0,0,True
stable,200,7,plugin_calendar,384,0,0.0205268051531,,0,1,768,0,True
stable,200,7,plugin_global_TTL,384,0,0.0205268051531,,0,1,768,0,True
stable,200,7,CP_calendar,384,384,-0,0.05,0,0,0,120,False
stable,200,8,joint_clean,384,143.633628642,0.00317838707106,0.0497745606212,1,0.625954092078,0,12,True
stable,200,8,singleton_clean,384,349.107866767,0.000322317103736,0.0412383284888,8,0.0908649302943,0,12,True
stable,200,8,pilot_partition,384,143.633628642,0.00317838707106,0.0497745606212,1,0.625954092078,768,12,True
stable,200,8,rate_oracle_partition,384,143.633628642,0.00317838707106,0.0497745606212,1,0.625954092078,0,12,True
stable,200,8,joint_conditional_PAC,384,372.274811153,0.00011317683575,0.00183481208215,1,0.030534345955,0,12,True
stable,200,8,audit_all,384,384,-0,,0,0,0,0,True
stable,200,8,known_rate_calendar,384,0,0.0211711089736,0.05,0,1,0,0,True
stable,200,8,plugin_calendar,384,0,0.0211711089736,,0,1,768,0,True
stable,200,8,plugin_global_TTL,384,0,0.0211711089736,,0,1,768,0,True
stable,200,8,CP_calendar,384,384,-0,0.05,0,0,0,120,False
stable,200,9,joint_clean,384,144.357356221,0.00299514762936,0.0497745606212,1,0.624069384841,0,12,True
stable,200,9,singleton_clean,384,348.108611326,0.000330217433671,0.0429864684803,8,0.093467158005,0,12,True
stable,200,9,pilot_partition,384,144.357356221,0.00299514762936,0.0497745606212,1,0.624069384841,768,12,True
stable,200,9,rate_oracle_partition,384,144.357356221,0.00299514762936,0.0497745606212,1,0.624069384841,0,12,True
stable,200,9,joint_conditional_PAC,384,372.262401121,0.000108123626346,0.00183481208215,1,0.0305666637473,0,12,True
stable,200,9,audit_all,384,384,-0,,0,0,0,0,True
stable,200,9,known_rate_calendar,384,0,0.0202515623468,0.05,0,1,0,0,True
stable,200,9,plugin_calendar,384,4,0.0199028495912,,0,0.989583333333,768,0,True
stable,200,9,plugin_global_TTL,384,29,0.012578519957,,0,0.924479166667,768,0,True
stable,200,9,CP_calendar,384,384,-0,0.05,0,0,0,120,False
stable,1000,0,joint_clean,384,70.2996089977,0.0128295998906,0.0481681493208,1,0.816928101568,0,12,True
stable,1000,0,singleton_clean,384,225.958376244,0.00210143948938,0.0471601070259,8,0.411566728531,0,12,True
stable,1000,0,pilot_partition,384,77.0316120053,0.0100877818242,0.0494161655747,2,0.799396843736,768,12,True
stable,1000,0,rate_oracle_partition,384,70.2996089977,0.0128295998906,0.0481681493208,1,0.816928101568,0,12,True
stable,1000,0,joint_conditional_PAC,384,325.126257151,0.000652804182864,0.00220067790447,1,0.15331703867,0,12,True
stable,1000,0,audit_all,384,384,-0,,0,0,0,0,True
stable,1000,0,known_rate_calendar,384,0,0.0240443773761,0.05,0,1,0,0,True
stable,1000,0,plugin_calendar,384,2,0.0208035966681,,0,0.994791666667,768,0,True
stable,1000,0,plugin_global_TTL,384,12,0.0172865275955,,0,0.96875,768,0,True
stable,1000,0,CP_calendar,384,376,4.79777095228e-05,0.05,0,0.0208333333333,0,120,False
stable,1000,1,joint_clean,384,65.0749586778,0.0114588851026,0.0497745606212,1,0.830533961776,0,12,True
stable,1000,1,singleton_clean,384,227.657910914,0.00188813854001,0.0464658028708,8,0.407140856994,0,12,True
stable,1000,1,pilot_partition,384,65.0749586778,0.0114588851026,0.0497745606212,1,0.830533961776,768,12,True
stable,1000,1,rate_oracle_partition,384,65.0749586778,0.0114588851026,0.0497745606212,1,0.830533961776,0,12,True
stable,1000,1,joint_conditional_PAC,384,326.255911738,0.000592034736703,0.00220067790447,1,0.150375229848,0,12,True
stable,1000,1,audit_all,384,384,-0,,0,0,0,0,True
stable,1000,1,known_rate_calendar,384,0,0.0225956161311,0.05,0,1,0,0,True
stable,1000,1,plugin_calendar,384,0,0.0225956161311,,0,1,768,0,True
stable,1000,1,plugin_global_TTL,384,0,0.0225956161311,,0,1,768,0,True
stable,1000,1,CP_calendar,384,376,3.84614304166e-05,0.05,0,0.0208333333333,0,120,False
stable,1000,2,joint_clean,384,63.9144816647,0.0120197406617,0.0472008056322,1,0.833556037331,0,12,True
stable,1000,2,singleton_clean,384,218.622829072,0.0018895954064,0.0478536892608,8,0.430669715959,0,12,True
stable,1000,2,pilot_partition,384,63.9144816647,0.0120197406617,0.0472008056322,1,0.833556037331,768,12,True
stable,1000,2,rate_oracle_partition,384,63.9144816647,0.0120197406617,0.0472008056322,1,0.833556037331,0,12,True
stable,1000,2,joint_conditional_PAC,384,320.696178825,0.000613572915473,0.00220067790447,1,0.164853700976,0,12,True
stable,1000,2,audit_all,384,384,-0,,0,0,0,0,True
stable,1000,2,known_rate_calendar,384,0,0.0206054295608,0.05,0,1,0,0,True
stable,1000,2,plugin_calendar,384,0,0.0206054295608,,0,1,768,0,True
stable,1000,2,plugin_global_TTL,384,0,0.0206054295608,,0,1,768,0,True
stable,1000,2,CP_calendar,384,376,4.5036150379e-05,0.05,0,0.0208333333333,0,120,False
stable,1000,3,joint_clean,384,64.2161005904,0.0134719768309,0.0475235460068,1,0.832770571379,0,12,True
stable,1000,3,singleton_clean,384,225.76357527,0.0019418949061,0.0468129098611,8,0.412074022734,0,12,True
stable,1000,3,pilot_partition,384,64.2161005904,0.0134719768309,0.0475235460068,1,0.832770571379,768,12,True
stable,1000,3,rate_oracle_partition,384,64.2161005904,0.0134719768309,0.0475235460068,1,0.832770571379,0,12,True
stable,1000,3,joint_conditional_PAC,384,327.307009523,0.000609927731016,0.00220067790447,1,0.147637996034,0,12,True
stable,1000,3,audit_all,384,384,-0,,0,0,0,0,True
stable,1000,3,known_rate_calendar,384,0,0.0210845162545,0.05,0,1,0,0,True
stable,1000,3,plugin_calendar,384,0,0.0210845162545,,0,1,768,0,True
stable,1000,3,plugin_global_TTL,384,0,0.0210845162545,,0,1,768,0,True
stable,1000,3,CP_calendar,384,376,4.30533422068e-05,0.05,0,0.0208333333333,0,120,False
stable,1000,4,joint_clean,384,63.3820067888,0.0117146898521,0.0478459937497,1,0.834942690654,0,12,True
stable,1000,4,singleton_clean,384,225.570489866,0.00189599917507,0.0475071777246,8,0.412576849306,0,12,True
stable,1000,4,pilot_partition,384,63.3820067888,0.0117146898521,0.0478459937497,1,0.834942690654,768,12,True
stable,1000,4,rate_oracle_partition,384,63.3820067888,0.0117146898521,0.0478459937497,1,0.834942690654,0,12,True
stable,1000,4,joint_conditional_PAC,384,322.548217968,0.000618864397878,0.00220067790447,1,0.160030682375,0,12,True
stable,1000,4,audit_all,384,384,-0,,0,0,0,0,True
stable,1000,4,known_rate_calendar,384,0,0.0200789286595,0.05,0,1,0,0,True
stable,1000,4,plugin_calendar,384,0,0.0200789286595,,0,1,768,0,True
stable,1000,4,plugin_global_TTL,384,0,0.0200789286595,,0,1,768,0,True
stable,1000,4,CP_calendar,384,376,4.40067831999e-05,0.05,0,0.0208333333333,0,120,False
stable,1000,5,joint_clean,384,62.0457948791,0.0113122161321,0.0497745606212,1,0.838422409169,0,12,True
stable,1000,5,singleton_clean,384,220.60636878,0.00188340728331,0.047853905632,8,0.425504247968,0,12,True
stable,1000,5,pilot_partition,384,76.2304817079,0.0092029812633,0.0483803987714,2,0.801483120552,768,12,True
stable,1000,5,rate_oracle_partition,384,62.0457948791,0.0113122161321,0.0497745606212,1,0.838422409169,0,12,True
stable,1000,5,joint_conditional_PAC,384,325.138566377,0.00057530873854,0.00220067790447,1,0.153284983394,0,12,True
stable,1000,5,audit_all,384,384,-0,,0,0,0,0,True
stable,1000,5,known_rate_calendar,384,0,0.0190365318302,0.05,0,1,0,0,True
stable,1000,5,plugin_calendar,384,2,0.018285393713,,0,0.994791666667,768,0,True
stable,1000,5,plugin_global_TTL,384,28,0.0131343694941,,0,0.927083333333,768,0,True
stable,1000,5,CP_calendar,384,376,3.93453089925e-05,0.05,0,0.0208333333333,0,120,False
stable,1000,6,joint_clean,384,61.2579088367,0.0133926217288,0.0497745606212,1,0.840474195738,0,12,True
stable,1000,6,singleton_clean,384,222.593745664,0.00190687352481,0.0485469828435,8,0.420328787334,0,12,True
stable,1000,6,pilot_partition,384,61.2579088367,0.0133926217288,0.0497745606212,1,0.840474195738,768,12,True
stable,1000,6,rate_oracle_partition,384,61.2579088367,0.0133926217288,0.0497745606212,1,0.840474195738,0,12,True
stable,1000,6,joint_conditional_PAC,384,321.591308339,0.000613840293668,0.00220067790447,1,0.162522634535,0,12,True
stable,1000,6,audit_all,384,384,-0,,0,0,0,0,True
stable,1000,6,known_rate_calendar,384,0,0.0205836900099,0.05,0,1,0,0,True
stable,1000,6,plugin_calendar,384,0,0.0205836900099,,0,1,768,0,True
stable,1000,6,plugin_global_TTL,384,0,0.0205836900099,,0,1,768,0,True
stable,1000,6,CP_calendar,384,376,4.57619417215e-05,0.05,0,0.0208333333333,0,120,False
stable,1000,7,joint_clean,384,64.6078203685,0.0138661387404,0.0497745606212,1,0.83175046779,0,12,True
stable,1000,7,singleton_clean,384,220.934723264,0.00210769720635,0.048200507323,8,0.424649158167,0,12,True
stable,1000,7,pilot_partition,384,64.6078203685,0.0138661387404,0.0497745606212,1,0.83175046779,768,12,True
stable,1000,7,rate_oracle_partition,384,64.6078203685,0.0138661387404,0.0497745606212,1,0.83175046779,0,12,True
stable,1000,7,joint_conditional_PAC,384,322.409221559,0.000675390171017,0.00220067790447,1,0.160392652191,0,12,True
stable,1000,7,audit_all,384,384,-0,,0,0,0,0,True
stable,1000,7,known_rate_calendar,384,0,0.0205268051531,0.05,0,1,0,0,True
stable,1000,7,plugin_calendar,384,0,0.0205268051531,,0,1,768,0,True
stable,1000,7,plugin_global_TTL,384,0,0.0205268051531,,0,1,768,0,True
stable,1000,7,CP_calendar,384,376,4.00738627654e-05,0.05,0,0.0208333333333,0,120,False
stable,1000,8,joint_clean,384,65.1576308291,0.0131399453524,0.0497745606212,1,0.830318669716,0,12,True
stable,1000,8,singleton_clean,384,229.483948952,0.0018337061703,0.0464658028708,8,0.402385549604,0,12,True
stable,1000,8,pilot_partition,384,65.1576308291,0.0131399453524,0.0497745606212,1,0.830318669716,768,12,True
stable,1000,8,rate_oracle_partition,384,65.1576308291,0.0131399453524,0.0497745606212,1,0.830318669716,0,12,True
stable,1000,8,joint_conditional_PAC,384,325.219004566,0.000618781669164,0.00220067790447,1,0.153075508942,0,12,True
stable,1000,8,audit_all,384,384,-0,,0,0,0,0,True
stable,1000,8,known_rate_calendar,384,0,0.0211711089736,0.05,0,1,0,0,True
stable,1000,8,plugin_calendar,384,0,0.0211711089736,,0,1,768,0,True
stable,1000,8,plugin_global_TTL,384,0,0.0211711089736,,0,1,768,0,True
stable,1000,8,CP_calendar,384,376,3.5635621386e-05,0.05,0,0.0208333333333,0,120,False
stable,1000,9,joint_clean,384,62.57138458,0.0122627274447,0.0491328675862,1,0.837053685989,0,12,True
stable,1000,9,singleton_clean,384,229.297511732,0.00176070522952,0.0471601070259,8,0.402871063197,0,12,True
stable,1000,9,pilot_partition,384,101.239109581,0.010638691012,0.0483803987714,2,0.736356485467,768,12,True
stable,1000,9,rate_oracle_partition,384,62.57138458,0.0122627274447,0.0491328675862,1,0.837053685989,0,12,True
stable,1000,9,joint_conditional_PAC,384,326.697962711,0.000571917545476,0.00220067790447,1,0.149224055441,0,12,True
stable,1000,9,audit_all,384,384,-0,,0,0,0,0,True
stable,1000,9,known_rate_calendar,384,0,0.0202515623468,0.05,0,1,0,0,True
stable,1000,9,plugin_calendar,384,4,0.0199028495912,,0,0.989583333333,768,0,True
stable,1000,9,plugin_global_TTL,384,29,0.012578519957,,0,0.924479166667,768,0,True
stable,1000,9,CP_calendar,384,376,3.29861633816e-05,0.05,0,0.0208333333333,0,120,False
stable,5000,0,joint_clean,384,182.828967988,0.012596438049,0.0144275693175,1,0.523882895863,0,12,True
stable,5000,0,singleton_clean,384,88.8949430626,0.00914565963985,0.0436779598825,8,0.768502752441,0,12,True
stable,5000,0,pilot_partition,384,130.098045684,0.0163979519853,0.0271100367739,2,0.661203006033,768,12,True
stable,5000,0,rate_oracle_partition,384,49.3613527186,0.0124626145091,0.0470581904694,6,0.871454810629,0,12,True
stable,5000,0,joint_conditional_PAC,384,247.26656418,0.00207913220001,0.00249310841847,1,0.356076655782,0,12,True
stable,5000,0,audit_all,384,384,-0,,0,0,0,0,True
stable,5000,0,known_rate_calendar,384,0,0.0240443773761,0.05,0,1,0,0,True
stable,5000,0,plugin_calendar,384,2,0.0208035966681,,0,0.994791666667,768,0,True
stable,5000,0,plugin_global_TTL,384,12,0.0172865275955,,0,0.96875,768,0,True
stable,5000,0,CP_calendar,384,342,0.000251857296197,0.05,0,0.109375,0,120,False
stable,5000,1,joint_clean,384,171.527815122,0.0125024477292,0.0143568300041,1,0.553312981452,0,12,True
stable,5000,1,singleton_clean,384,84.6959720802,0.00728368277121,0.0408829300145,8,0.779437572708,0,12,True
stable,5000,1,pilot_partition,384,171.527815122,0.0125024477292,0.0143568300041,1,0.553312981452,768,12,True
stable,5000,1,rate_oracle_partition,384,46.1161401026,0.0116137867646,0.0453093562847,5,0.879905885149,0,12,True
stable,5000,1,joint_conditional_PAC,384,240.138624822,0.00204801453846,0.00249310841847,1,0.374638997858,0,12,True
stable,5000,1,audit_all,384,384,-0,,0,0,0,0,True
stable,5000,1,known_rate_calendar,384,0,0.0225956161311,0.05,0,1,0,0,True
stable,5000,1,plugin_calendar,384,0,0.0225956161311,,0,1,768,0,True
stable,5000,1,plugin_global_TTL,384,0,0.0225956161311,,0,1,768,0,True
stable,5000,1,CP_calendar,384,342,0.000201906007139,0.05,0,0.109375,0,120,False
stable,5000,2,joint_clean,384,167.633953176,0.0116101961906,0.0144275693175,1,0.563453246936,0,12,True
stable,5000,2,singleton_clean,384,85.2123800318,0.00833240683555,0.0460490208131,8,0.778092760334,0,12,True
stable,5000,2,pilot_partition,384,167.633953176,0.0116101961906,0.0144275693175,1,0.563453246936,768,12,True
stable,5000,2,rate_oracle_partition,384,48.3930802887,0.0105865745958,0.046015822363,6,0.873976353415,0,12,True
stable,5000,2,joint_conditional_PAC,384,236.93870255,0.00198385502817,0.00249310841847,1,0.382972128777,0,12,True
stable,5000,2,audit_all,384,384,-0,,0,0,0,0,True
stable,5000,2,known_rate_calendar,384,0,0.0206054295608,0.05,0,1,0,0,True
stable,5000,2,plugin_calendar,384,0,0.0206054295608,,0,1,768,0,True
stable,5000,2,plugin_global_TTL,384,0,0.0206054295608,,0,1,768,0,True
stable,5000,2,CP_calendar,384,342,0.000236417162876,0.05,0,0.109375,0,120,False
stable,5000,3,joint_clean,384,174.551051408,0.0115003379195,0.0142860769503,1,0.545439970292,0,12,True
stable,5000,3,singleton_clean,384,86.1616495071,0.00788412098592,0.0421444540744,8,0.775620704409,0,12,True
stable,5000,3,pilot_partition,384,174.551051408,0.0115003379195,0.0142860769503,1,0.545439970292,768,12,True
stable,5000,3,rate_oracle_partition,384,49.0205282086,0.0123622368632,0.0448980573885,5,0.872342374457,0,12,True
stable,5000,3,joint_conditional_PAC,384,241.640167754,0.00203544909761,0.00242002261501,1,0.370728729808,0,12,True
stable,5000,3,audit_all,384,384,-0,,0,0,0,0,True
stable,5000,3,known_rate_calendar,384,0,0.0210845162545,0.05,0,1,0,0,True
stable,5000,3,plugin_calendar,384,0,0.0210845162545,,0,1,768,0,True
stable,5000,3,plugin_global_TTL,384,0,0.0210845162545,,0,1,768,0,True
stable,5000,3,CP_calendar,384,342,0.000226009368434,0.05,0,0.109375,0,120,False
stable,5000,4,joint_clean,384,168.84166346,0.0112503877341,0.0141445296028,1,0.560308168074,0,12,True
stable,5000,4,singleton_clean,384,83.7887432132,0.00770782511277,0.042493386545,8,0.781800147882,0,12,True
stable,5000,4,pilot_partition,384,168.84166346,0.0112503877341,0.0141445296028,1,0.560308168074,768,12,True
stable,5000,4,rate_oracle_partition,384,45.7939622384,0.0130759631706,0.046730888693,5,0.880744890004,0,12,True
stable,5000,4,joint_conditional_PAC,384,237.759568133,0.00203085126984,0.00249310841847,1,0.380834457988,0,12,True
stable,5000,4,audit_all,384,384,-0,,0,0,0,0,True
stable,5000,4,known_rate_calendar,384,0,0.0200789286595,0.05,0,1,0,0,True
stable,5000,4,plugin_calendar,384,0,0.0200789286595,,0,1,768,0,True
stable,5000,4,plugin_global_TTL,384,0,0.0200789286595,,0,1,768,0,True
stable,5000,4,CP_calendar,384,342,0.000231014007669,0.05,0,0.109375,0,120,False
stable,5000,5,joint_clean,384,167.346492564,0.0107404463293,0.0144275693175,1,0.564201842281,0,12,True
stable,5000,5,singleton_clean,384,80.8794099269,0.00743290527505,0.041020813112,8,0.789376536649,0,12,True
stable,5000,5,pilot_partition,384,136.380522879,0.01292188353,0.0285772651615,2,0.644842388335,768,12,True
stable,5000,5,rate_oracle_partition,384,47.7379259318,0.0130844583291,0.0454162677693,5,0.875682484553,0,12,True
stable,5000,5,joint_conditional_PAC,384,231.101300742,0.00211112608377,0.00249310841847,1,0.398173695985,0,12,True
stable,5000,5,audit_all,384,384,-0,,0,0,0,0,True
stable,5000,5,known_rate_calendar,384,0,0.0190365318302,0.05,0,1,0,0,True
stable,5000,5,plugin_calendar,384,2,0.018285393713,,0,0.994791666667,768,0,True
stable,5000,5,plugin_global_TTL,384,28,0.0131343694941,,0,0.927083333333,768,0,True
stable,5000,5,CP_calendar,384,342,0.000206545602477,0.05,0,0.109375,0,120,False
stable,5000,6,joint_clean,384,167.695071551,0.0115946708198,0.0144275693175,1,0.563294084502,0,12,True
stable,5000,6,singleton_clean,384,83.4894194776,0.00801950538129,0.0440994067463,8,0.782579636777,0,12,True
stable,5000,6,pilot_partition,384,167.695071551,0.0115946708198,0.0144275693175,1,0.563294084502,768,12,True
stable,5000,6,rate_oracle_partition,384,47.0626359037,0.0108461839265,0.0467715510588,6,0.877441052334,0,12,True
stable,5000,6,joint_conditional_PAC,384,238.106832114,0.00197871593851,0.00249310841847,1,0.379930124703,0,12,True
stable,5000,6,audit_all,384,384,-0,,0,0,0,0,True
stable,5000,6,known_rate_calendar,384,0,0.0205836900099,0.05,0,1,0,0,True
stable,5000,6,plugin_calendar,384,0,0.0205836900099,,0,1,768,0,True
stable,5000,6,plugin_global_TTL,384,0,0.0205836900099,,0,1,768,0,True
stable,5000,6,CP_calendar,384,342,0.000240226832276,0.05,0,0.109375,0,120,False
stable,5000,7,joint_clean,384,181.502581996,0.0108245443838,0.0144275693175,1,0.527337026053,0,12,True
stable,5000,7,singleton_clean,384,82.9081281175,0.00870570630065,0.0448650314232,8,0.784093416361,0,12,True
stable,5000,7,pilot_partition,384,181.502581996,0.0108245443838,0.0144275693175,1,0.527337026053,768,12,True
stable,5000,7,rate_oracle_partition,384,51.1900954795,0.0135751914708,0.0453512103216,5,0.866692459689,0,12,True
stable,5000,7,joint_conditional_PAC,384,244.783025122,0.00210871978773,0.00242002261501,1,0.362544205411,0,12,True
stable,5000,7,audit_all,384,384,-0,,0,0,0,0,True
stable,5000,7,known_rate_calendar,384,0,0.0205268051531,0.05,0,1,0,0,True
stable,5000,7,plugin_calendar,384,0,0.0205268051531,,0,1,768,0,True
stable,5000,7,plugin_global_TTL,384,0,0.0205268051531,,0,1,768,0,True
stable,5000,7,CP_calendar,384,342,0.000210369864313,0.05,0,0.109375,0,120,False
stable,5000,8,joint_clean,384,168.822811512,0.0118633846514,0.0144275693175,1,0.560357261688,0,12,True
stable,5000,8,singleton_clean,384,91.4063203947,0.00768904636389,0.0424930886575,8,0.761962707306,0,12,True
stable,5000,8,pilot_partition,384,168.822811512,0.0118633846514,0.0144275693175,1,0.560357261688,768,12,True
stable,5000,8,rate_oracle_partition,384,49.4641846524,0.0129095086345,0.046488236949,5,0.871187019134,0,12,True
stable,5000,8,joint_conditional_PAC,384,241.669255531,0.00198275089892,0.00249310841847,1,0.370652980387,0,12,True
stable,5000,8,audit_all,384,384,-0,,0,0,0,0,True
stable,5000,8,known_rate_calendar,384,0,0.0211711089736,0.05,0,1,0,0,True
stable,5000,8,plugin_calendar,384,0,0.0211711089736,,0,1,768,0,True
stable,5000,8,plugin_global_TTL,384,0,0.0211711089736,,0,1,768,0,True
stable,5000,8,CP_calendar,384,342,0.000187072845529,0.05,0,0.109375,0,120,False
stable,5000,9,joint_clean,384,163.056276306,0.0116522281133,0.0142860769503,1,0.575374280454,0,12,True
stable,5000,9,singleton_clean,384,86.720253668,0.00784320154388,0.0438204624193,8,0.774166006073,0,12,True
stable,5000,9,pilot_partition,384,128.315277658,0.0131167283755,0.0278794863931,2,0.665845631098,768,12,True
stable,5000,9,rate_oracle_partition,384,47.4001101939,0.0120193881792,0.0448399051606,5,0.876562213037,0,12,True
stable,5000,9,joint_conditional_PAC,384,238.430307045,0.00194605247724,0.00249310841847,1,0.37908774207,0,12,True
stable,5000,9,audit_all,384,384,-0,,0,0,0,0,True
stable,5000,9,known_rate_calendar,384,0,0.0202515623468,0.05,0,1,0,0,True
stable,5000,9,plugin_calendar,384,4,0.0199028495912,,0,0.989583333333,768,0,True
stable,5000,9,plugin_global_TTL,384,29,0.012578519957,,0,0.924479166667,768,0,True
stable,5000,9,CP_calendar,384,342,0.000173165219217,0.05,0,0.109375,0,120,False
mixed,200,0,joint_clean,384,282.429121831,0.0481478421048,0.0497745606212,1,0.264507495232,0,12,True
mixed,200,0,singleton_clean,384,352.21927628,0.00813069640526,0.0429864684803,8,0.0827623013542,0,12,True
mixed,200,0,pilot_partition,384,208.981842462,0.0272274971436,0.0497745606212,2,0.455776451922,768,12,True
mixed,200,0,rate_oracle_partition,384,208.981842462,0.0272274971436,0.0497745606212,2,0.455776451922,0,12,True
mixed,200,0,joint_conditional_PAC,384,379.163291516,0.00182708907068,0.00183481208215,1,0.012595595011,0,12,True
mixed,200,0,audit_all,384,384,-0,,0,0,0,0,True
mixed,200,0,known_rate_calendar,384,72,0.049282725232,0.05,0,0.8125,0,0,True
mixed,200,0,plugin_calendar,384,52,0.108623748205,,0,0.864583333333,768,0,True
mixed,200,0,plugin_global_TTL,384,178,0.073377493367,,0,0.536458333333,768,0,True
mixed,200,0,CP_calendar,384,384,-0,0.05,0,0,0,120,False
mixed,200,1,joint_clean,384,271.483222111,0.0475525366641,0.0481681493208,1,0.293012442419,0,12,True
mixed,200,1,singleton_clean,384,352.821519584,0.00767194869635,0.0412383284888,8,0.0811939594167,0,12,True
mixed,200,1,pilot_partition,384,209.097228943,0.0262152877007,0.0481681493208,2,0.455475966294,768,12,True
mixed,200,1,rate_oracle_partition,384,209.097228943,0.0262152877007,0.0481681493208,2,0.455475966294,0,12,True
mixed,200,1,joint_conditional_PAC,384,378.57750468,0.00179117481661,0.00183481208215,1,0.0141210815624,0,12,True
mixed,200,1,audit_all,384,384,-0,,0,0,0,0,True
mixed,200,1,known_rate_calendar,384,69,0.0499806008573,0.05,0,0.8203125,0,0,True
mixed,200,1,plugin_calendar,384,52,0.0908025941029,,0,0.864583333333,768,0,True
mixed,200,1,plugin_global_TTL,384,175,0.0831924800857,,0,0.544270833333,768,0,True
mixed,200,1,CP_calendar,384,384,-0,0.05,0,0,0,120,False
mixed,200,2,joint_clean,384,260.189707265,0.04778144757,0.0497745606212,1,0.32242263733,0,12,True
mixed,200,2,singleton_clean,384,351.488465979,0.0071057353161,0.0429864684803,8,0.0846654531794,0,12,True
mixed,200,2,pilot_partition,384,197.836587039,0.0220158780096,0.0481681493208,2,0.484800554586,768,12,True
mixed,200,2,rate_oracle_partition,384,197.836587039,0.0220158780096,0.0481681493208,2,0.484800554586,0,12,True
mixed,200,2,joint_conditional_PAC,384,378.150694831,0.00174819745403,0.00183481208215,1,0.0152325655432,0,12,True
mixed,200,2,audit_all,384,384,-0,,0,0,0,0,True
mixed,200,2,known_rate_calendar,384,65,0.0491752262269,0.05,0,0.830729166667,0,0,True
mixed,200,2,plugin_calendar,384,62,0.0530523839409,,0,0.838541666667,768,0,True
mixed,200,2,plugin_global_TTL,384,257,0.0301677626706,,0,0.330729166667,768,0,True
mixed,200,2,CP_calendar,384,384,-0,0.05,0,0,0,120,False
mixed,200,3,joint_clean,384,268.384809535,0.04858723144,0.0497745606212,1,0.30108122517,0,12,True
mixed,200,3,singleton_clean,384,351.77619403,0.00760623890037,0.0429864684803,8,0.0839161613805,0,12,True
mixed,200,3,pilot_partition,384,206.18420438,0.0256420896635,0.0497745606212,2,0.463061967761,768,12,True
mixed,200,3,rate_oracle_partition,384,206.18420438,0.0256420896635,0.0497745606212,2,0.463061967761,0,12,True
mixed,200,3,joint_conditional_PAC,384,378.516275551,0.00178584554789,0.00183481208215,1,0.0142805324191,0,12,True
mixed,200,3,audit_all,384,384,-0,,0,0,0,0,True
mixed,200,3,known_rate_calendar,384,69,0.0491466627047,0.05,0,0.8203125,0,0,True
mixed,200,3,plugin_calendar,384,54,0.0782698820661,,0,0.859375,768,0,True
mixed,200,3,plugin_global_TTL,384,214,0.0544964844726,,0,0.442708333333,768,0,True
mixed,200,3,CP_calendar,384,384,-0,0.05,0,0,0,120,False
mixed,200,4,joint_clean,384,273.467264382,0.0453500834477,0.0497745606212,1,0.287845665672,0,12,True
mixed,200,4,singleton_clean,384,351.845315612,0.00758163398235,0.0429864684803,8,0.0837361572617,0,12,True
mixed,200,4,pilot_partition,384,202.505841565,0.0239341777604,0.0497745606212,2,0.472641037591,768,12,True
mixed,200,4,rate_oracle_partition,384,202.505841565,0.0239341777604,0.0497745606212,2,0.472641037591,0,12,True
mixed,200,4,joint_conditional_PAC,384,378.673121175,0.00179891908679,0.00183481208215,1,0.0138720802733,0,12,True
mixed,200,4,audit_all,384,384,-0,,0,0,0,0,True
mixed,200,4,known_rate_calendar,384,67,0.0492659490639,0.05,0,0.825520833333,0,0,True
mixed,200,4,plugin_calendar,384,62,0.0589110313169,,0,0.838541666667,768,0,True
mixed,200,4,plugin_global_TTL,384,223,0.0352992720054,,0,0.419270833333,768,0,True
mixed,200,4,CP_calendar,384,384,-0,0.05,0,0,0,120,False
mixed,200,5,joint_clean,384,268.530188953,0.0451277826193,0.0497745606212,1,0.300702632935,0,12,True
mixed,200,5,singleton_clean,384,352.73993057,0.00732572962148,0.0412383284888,8,0.0814064308082,0,12,True
mixed,200,5,pilot_partition,384,194.766429117,0.0214152034613,0.0497745606212,2,0.492795757508,768,12,True
mixed,200,5,rate_oracle_partition,384,194.766429117,0.0214152034613,0.0497745606212,2,0.492795757508,0,12,True
mixed,200,5,joint_conditional_PAC,384,378.587352607,0.00179200512587,0.00183481208215,1,0.0140954359188,0,12,True
mixed,200,5,audit_all,384,384,-0,,0,0,0,0,True
mixed,200,5,known_rate_calendar,384,65,0.0492075335607,0.05,0,0.830729166667,0,0,True
mixed,200,5,plugin_calendar,384,60,0.0624167895885,,0,0.84375,768,0,True
mixed,200,5,plugin_global_TTL,384,265,0.0289746765359,,0,0.309895833333,768,0,True
mixed,200,5,CP_calendar,384,384,-0,0.05,0,0,0,120,False
mixed,200,6,joint_clean,384,272.744555305,0.0464255359839,0.0497745606212,1,0.28972772056,0,12,True
mixed,200,6,singleton_clean,384,351.788651889,0.0073872810809,0.0429864684803,8,0.0838837190399,0,12,True
mixed,200,6,pilot_partition,384,200.066641038,0.0214803788519,0.0497745606212,2,0.478993122296,768,12,True
mixed,200,6,rate_oracle_partition,384,200.066641038,0.0214803788519,0.0497745606212,2,0.478993122296,0,12,True
mixed,200,6,joint_conditional_PAC,384,378.659738655,0.0017978779863,0.00183481208215,1,0.0139069305869,0,12,True
mixed,200,6,audit_all,384,384,-0,,0,0,0,0,True
mixed,200,6,known_rate_calendar,384,65,0.0495760010497,0.05,0,0.830729166667,0,0,True
mixed,200,6,plugin_calendar,384,58,0.0591125115507,,0,0.848958333333,768,0,True
mixed,200,6,plugin_global_TTL,384,258,0.0324825376274,,0,0.328125,768,0,True
mixed,200,6,CP_calendar,384,384,-0,0.05,0,0,0,120,False
mixed,200,7,joint_clean,384,281.310206423,0.0493373349285,0.0497745606212,1,0.267421337439,0,12,True
mixed,200,7,singleton_clean,384,352.177680589,0.00800454703075,0.0429864684803,8,0.0828706234656,0,12,True
mixed,200,7,pilot_partition,384,207.231536513,0.0257461599772,0.0497745606212,2,0.46033454033,768,12,True
mixed,200,7,rate_oracle_partition,384,207.231536513,0.0257461599772,0.0497745606212,2,0.46033454033,0,12,True
mixed,200,7,joint_conditional_PAC,384,379.148513689,0.00182653254626,0.00183481208215,1,0.0126340789341,0,12,True
mixed,200,7,audit_all,384,384,-0,,0,0,0,0,True
mixed,200,7,known_rate_calendar,384,70,0.0493728047577,0.05,0,0.817708333333,0,0,True
mixed,200,7,plugin_calendar,384,58,0.0682565720012,,0,0.848958333333,768,0,True
mixed,200,7,plugin_global_TTL,384,259,0.0343436323866,,0,0.325520833333,768,0,True
mixed,200,7,CP_calendar,384,384,-0,0.05,0,0,0,120,False
mixed,200,8,joint_clean,384,262.307971382,0.0475094980462,0.0497745606212,1,0.316906324526,0,12,True
mixed,200,8,singleton_clean,384,352.451293437,0.00710939573865,0.0412383284888,8,0.0821580900073,0,12,True
mixed,200,8,pilot_partition,384,209.18374129,0.0235955469094,0.0497745606212,2,0.455250673724,768,12,True
mixed,200,8,rate_oracle_partition,384,209.18374129,0.0235955469094,0.0497745606212,2,0.455250673724,0,12,True
mixed,200,8,joint_conditional_PAC,384,378.063803482,0.0017378240533,0.00183481208215,1,0.0154588450988,0,12,True
mixed,200,8,audit_all,384,384,-0,,0,0,0,0,True
mixed,200,8,known_rate_calendar,384,67,0.0491876193927,0.05,0,0.825520833333,0,0,True
mixed,200,8,plugin_calendar,384,60,0.0571769234911,,0,0.84375,768,0,True
mixed,200,8,plugin_global_TTL,384,265,0.0303558807402,,0,0.309895833333,768,0,True
mixed,200,8,CP_calendar,384,384,-0,0.05,0,0,0,120,False
mixed,200,9,joint_clean,384,260.04726726,0.0437964424912,0.0497745606212,1,0.322793574843,0,12,True
mixed,200,9,singleton_clean,384,351.356016985,0.00694681140322,0.0429864684803,8,0.0850103724342,0,12,True
mixed,200,9,pilot_partition,384,200.432726408,0.0221403468678,0.0497745606212,2,0.478039774979,768,12,True
mixed,200,9,rate_oracle_partition,384,200.432726408,0.0221403468678,0.0497745606212,2,0.478039774979,0,12,True
mixed,200,9,joint_conditional_PAC,384,377.928845743,0.0017206627622,0.00183481208215,1,0.0158102975433,0,12,True
mixed,200,9,audit_all,384,384,-0,,0,0,0,0,True
mixed,200,9,known_rate_calendar,384,66,0.047439123284,0.05,0,0.828125,0,0,True
mixed,200,9,plugin_calendar,384,70,0.046763313956,,0,0.817708333333,768,0,True
mixed,200,9,plugin_global_TTL,384,267,0.0218366407401,,0,0.3046875,768,0,True
mixed,200,9,CP_calendar,384,384,-0,0.05,0,0,0,120,False
mixed,1000,0,joint_clean,384,380.202379625,0.00455833398817,0.0481681493208,1,0.00988963639385,0,12,True
mixed,1000,0,singleton_clean,384,267.372432648,0.0095430330606,0.0471601070259,8,0.303717623312,0,12,True
mixed,1000,0,pilot_partition,384,161.477015398,0.0184032086042,0.0481910231402,3,0.579486939068,768,12,True
mixed,1000,0,rate_oracle_partition,384,159.646158111,0.0179493249723,0.0494161655747,3,0.584254796587,0,12,True
mixed,1000,0,joint_conditional_PAC,384,383.28728133,0.000252211351881,0.00220067790447,1,0.00185603820277,0,12,True
mixed,1000,0,audit_all,384,384,-0,,0,0,0,0,True
mixed,1000,0,known_rate_calendar,384,72,0.049282725232,0.05,0,0.8125,0,0,True
mixed,1000,0,plugin_calendar,384,52,0.108623748205,,0,0.864583333333,768,0,True
mixed,1000,0,plugin_global_TTL,384,178,0.073377493367,,0,0.536458333333,768,0,True
mixed,1000,0,CP_calendar,384,376,4.79777095228e-05,0.05,0,0.0208333333333,0,120,False
mixed,1000,1,joint_clean,384,377.236302941,0.00700182469689,0.0497745606212,1,0.0176137944238,0,12,True
mixed,1000,1,singleton_clean,384,266.255041857,0.0101542228929,0.0464658028708,8,0.306627495165,0,12,True
mixed,1000,1,pilot_partition,384,156.50654185,0.017592656593,0.0490899781207,3,0.5924308806,768,12,True
mixed,1000,1,rate_oracle_partition,384,156.50654185,0.017592656593,0.0490899781207,3,0.5924308806,0,12,True
mixed,1000,1,joint_conditional_PAC,384,382.775375184,0.000392434891681,0.00220067790447,1,0.0031891271241,0,12,True
mixed,1000,1,audit_all,384,384,-0,,0,0,0,0,True
mixed,1000,1,known_rate_calendar,384,69,0.0499806008573,0.05,0,0.8203125,0,0,True
mixed,1000,1,plugin_calendar,384,52,0.0908025941029,,0,0.864583333333,768,0,True
mixed,1000,1,plugin_global_TTL,384,175,0.0831924800857,,0,0.544270833333,768,0,True
mixed,1000,1,CP_calendar,384,376,3.84614304166e-05,0.05,0,0.0208333333333,0,120,False
mixed,1000,2,joint_clean,384,374.121076607,0.010193766303,0.0472008056322,1,0.0257263630021,0,12,True
mixed,1000,2,singleton_clean,384,257.860734381,0.010753954514,0.0478536892608,8,0.328487670884,0,12,True
mixed,1000,2,pilot_partition,384,153.138643903,0.0175232975913,0.0490899781207,3,0.601201448169,768,12,True
mixed,1000,2,rate_oracle_partition,384,153.138643903,0.0175232975913,0.0490899781207,3,0.601201448169,0,12,True
mixed,1000,2,joint_conditional_PAC,384,382.046229635,0.000586608872667,0.00220067790447,1,0.00508794365781,0,12,True
mixed,1000,2,audit_all,384,384,-0,,0,0,0,0,True
mixed,1000,2,known_rate_calendar,384,65,0.0491752262269,0.05,0,0.830729166667,0,0,True
mixed,1000,2,plugin_calendar,384,62,0.0530523839409,,0,0.838541666667,768,0,True
mixed,1000,2,plugin_global_TTL,384,257,0.0301677626706,,0,0.330729166667,768,0,True
mixed,1000,2,CP_calendar,384,376,4.5036150379e-05,0.05,0,0.0208333333333,0,120,False
mixed,1000,3,joint_clean,384,376.80585659,0.0081064711155,0.0475235460068,1,0.018734748464,0,12,True
mixed,1000,3,singleton_clean,384,265.755598467,0.0102169725181,0.0468129098611,8,0.307928128992,0,12,True
mixed,1000,3,pilot_partition,384,154.603069042,0.0183347897132,0.0490899781207,3,0.597387841036,768,12,True
mixed,1000,3,rate_oracle_partition,384,154.603069042,0.0183347897132,0.0490899781207,3,0.597387841036,0,12,True
mixed,1000,3,joint_conditional_PAC,384,382.724583994,0.000408907234579,0.00220067790447,1,0.00332139584957,0,12,True
mixed,1000,3,audit_all,384,384,-0,,0,0,0,0,True
mixed,1000,3,known_rate_calendar,384,69,0.0491466627047,0.05,0,0.8203125,0,0,True
mixed,1000,3,plugin_calendar,384,54,0.0782698820661,,0,0.859375,768,0,True
mixed,1000,3,plugin_global_TTL,384,214,0.0544964844726,,0,0.442708333333,768,0,True
mixed,1000,3,CP_calendar,384,376,4.30533422068e-05,0.05,0,0.0208333333333,0,120,False
mixed,1000,4,joint_clean,384,377.794734634,0.00698141614562,0.0478459937497,1,0.016159545224,0,12,True
mixed,1000,4,singleton_clean,384,262.89521884,0.0100566401633,0.0475071777246,8,0.31537703427,0,12,True
mixed,1000,4,pilot_partition,384,150.034396214,0.0176094349866,0.0484367008056,3,0.609285426526,768,12,True
mixed,1000,4,rate_oracle_partition,384,150.034396214,0.0176094349866,0.0484367008056,3,0.609285426526,0,12,True
mixed,1000,4,joint_conditional_PAC,384,382.810657472,0.000414887886126,0.00220067790447,1,0.00309724616794,0,12,True
mixed,1000,4,audit_all,384,384,-0,,0,0,0,0,True
mixed,1000,4,known_rate_calendar,384,67,0.0492659490639,0.05,0,0.825520833333,0,0,True
mixed,1000,4,plugin_calendar,384,62,0.0589110313169,,0,0.838541666667,768,0,True
mixed,1000,4,plugin_global_TTL,384,223,0.0352992720054,,0,0.419270833333,768,0,True
mixed,1000,4,CP_calendar,384,376,4.40067831999e-05,0.05,0,0.0208333333333,0,120,False
mixed,1000,5,joint_clean,384,377.260159002,0.00701419492688,0.0497745606212,1,0.0175516692656,0,12,True
mixed,1000,5,singleton_clean,384,259.841972117,0.00994925738886,0.047853905632,8,0.323328197611,0,12,True
mixed,1000,5,pilot_partition,384,163.14318927,0.0173174262328,0.0493189126554,4,0.575147944609,768,12,True
mixed,1000,5,rate_oracle_partition,384,151.591476039,0.0203206594799,0.0492198356725,3,0.60523053115,0,12,True
mixed,1000,5,joint_conditional_PAC,384,382.767785302,0.000384577097749,0.00220067790447,1,0.00320889244192,0,12,True
mixed,1000,5,audit_all,384,384,-0,,0,0,0,0,True
mixed,1000,5,known_rate_calendar,384,65,0.0492075335607,0.05,0,0.830729166667,0,0,True
mixed,1000,5,plugin_calendar,384,60,0.0624167895885,,0,0.84375,768,0,True
mixed,1000,5,plugin_global_TTL,384,265,0.0289746765359,,0,0.309895833333,768,0,True
mixed,1000,5,CP_calendar,384,376,3.93453089925e-05,0.05,0,0.0208333333333,0,120,False
mixed,1000,6,joint_clean,384,377.681486801,0.00757098081342,0.0497745606212,1,0.0164544614556,0,12,True
mixed,1000,6,singleton_clean,384,261.971646506,0.00985277513249,0.0485469828435,8,0.317782170557,0,12,True
mixed,1000,6,pilot_partition,384,149.12196016,0.0178218890213,0.0487634900249,3,0.611661562084,768,12,True
mixed,1000,6,rate_oracle_partition,384,149.12196016,0.0178218890213,0.0487634900249,3,0.611661562084,0,12,True
mixed,1000,6,joint_conditional_PAC,384,382.778188055,0.000418680899542,0.00220067790447,1,0.00318180193893,0,12,True
mixed,1000,6,audit_all,384,384,-0,,0,0,0,0,True
mixed,1000,6,known_rate_calendar,384,65,0.0495760010497,0.05,0,0.830729166667,0,0,True
mixed,1000,6,plugin_calendar,384,58,0.0591125115507,,0,0.848958333333,768,0,True
mixed,1000,6,plugin_global_TTL,384,258,0.0324825376274,,0,0.328125,768,0,True
mixed,1000,6,CP_calendar,384,376,4.57619417215e-05,0.05,0,0.0208333333333,0,120,False
mixed,1000,7,joint_clean,384,380.079202196,0.00470228463143,0.0497745606212,1,0.0102104109468,0,12,True
mixed,1000,7,singleton_clean,384,263.365234912,0.00964121900912,0.048200507323,8,0.314153034085,0,12,True
mixed,1000,7,pilot_partition,384,156.985186181,0.0195855275855,0.0485190360451,3,0.591184410986,768,12,True
mixed,1000,7,rate_oracle_partition,384,156.272333384,0.0182794167749,0.0487634900249,3,0.593040798479,0,12,True
mixed,1000,7,joint_conditional_PAC,384,383.243923289,0.000289500673163,0.00220067790447,1,0.00196894976935,0,12,True
mixed,1000,7,audit_all,384,384,-0,,0,0,0,0,True
mixed,1000,7,known_rate_calendar,384,70,0.0493728047577,0.05,0,0.817708333333,0,0,True
mixed,1000,7,plugin_calendar,384,58,0.0682565720012,,0,0.848958333333,768,0,True
mixed,1000,7,plugin_global_TTL,384,259,0.0343436323866,,0,0.325520833333,768,0,True
mixed,1000,7,CP_calendar,384,376,4.00738627654e-05,0.05,0,0.0208333333333,0,120,False
mixed,1000,8,joint_clean,384,373.394817522,0.0113302767009,0.0497745606212,1,0.0276176627033,0,12,True
mixed,1000,8,singleton_clean,384,269.474861978,0.0107148810042,0.0464658028708,8,0.298242546931,0,12,True
mixed,1000,8,pilot_partition,384,159.105242299,0.0182551223729,0.0490899781207,3,0.585663431513,768,12,True
mixed,1000,8,rate_oracle_partition,384,159.105242299,0.0182551223729,0.0490899781207,3,0.585663431513,0,12,True
mixed,1000,8,joint_conditional_PAC,384,382.044854627,0.000618692803657,0.00220067790447,1,0.00509152440899,0,12,True
mixed,1000,8,audit_all,384,384,-0,,0,0,0,0,True
mixed,1000,8,known_rate_calendar,384,67,0.0491876193927,0.05,0,0.825520833333,0,0,True
mixed,1000,8,plugin_calendar,384,60,0.0571769234911,,0,0.84375,768,0,True
mixed,1000,8,plugin_global_TTL,384,265,0.0303558807402,,0,0.309895833333,768,0,True
mixed,1000,8,CP_calendar,384,376,3.5635621386e-05,0.05,0,0.0208333333333,0,120,False
mixed,1000,9,joint_clean,384,372.100065897,0.0124572344522,0.0491328675862,1,0.0309894117259,0,12,True
mixed,1000,9,singleton_clean,384,262.959785807,0.0107397867068,0.0471601070259,8,0.315208891128,0,12,True
mixed,1000,9,pilot_partition,384,167.351603325,0.0159627401105,0.0495620907592,4,0.564188533009,768,12,True
mixed,1000,9,rate_oracle_partition,384,152.574040757,0.0175816435506,0.0497420528672,3,0.602671768862,0,12,True
mixed,1000,9,joint_conditional_PAC,384,381.87856328,0.000591540915869,0.00220067790447,1,0.00552457479236,0,12,True
mixed,1000,9,audit_all,384,384,-0,,0,0,0,0,True
mixed,1000,9,known_rate_calendar,384,66,0.047439123284,0.05,0,0.828125,0,0,True
mixed,1000,9,plugin_calendar,384,70,0.046763313956,,0,0.817708333333,768,0,True
mixed,1000,9,plugin_global_TTL,384,267,0.0218366407401,,0,0.3046875,768,0,True
mixed,1000,9,CP_calendar,384,376,3.29861633816e-05,0.05,0,0.0208333333333,0,120,False
mixed,5000,0,joint_clean,384,383.999999948,7.87054665338e-11,0.0144275693175,1,1.36212374713e-10,0,12,True
mixed,5000,0,singleton_clean,384,183.75215193,0.00668595915187,0.0436779598825,8,0.521478771015,0,12,True
mixed,5000,0,pilot_partition,384,220.047929926,0.0114355079879,0.0407333441393,3,0.426958515818,768,12,True
mixed,5000,0,rate_oracle_partition,384,155.141781317,0.0106792543134,0.0462155569638,6,0.595984944488,0,12,True
mixed,5000,0,joint_conditional_PAC,384,383.999999964,1.82773374714e-11,0.00249310841847,1,9.25818310904e-11,0,12,True
mixed,5000,0,audit_all,384,384,-0,,0,0,0,0,True
mixed,5000,0,known_rate_calendar,384,72,0.049282725232,0.05,0,0.8125,0,0,True
mixed,5000,0,plugin_calendar,384,52,0.108623748205,,0,0.864583333333,768,0,True
mixed,5000,0,plugin_global_TTL,384,178,0.073377493367,,0,0.536458333333,768,0,True
mixed,5000,0,CP_calendar,384,342,0.000251857296197,0.05,0,0.109375,0,120,False
mixed,5000,1,joint_clean,384,383.999999088,1.27404959402e-09,0.0143568300041,1,2.37382391521e-09,0,12,True
mixed,5000,1,singleton_clean,384,182.507516695,0.00566323929786,0.0408829300145,8,0.524720008607,0,12,True
mixed,5000,1,pilot_partition,384,214.886304457,0.0111674352355,0.0419048899173,3,0.440400248809,768,12,True
mixed,5000,1,rate_oracle_partition,384,154.148601612,0.0109598558991,0.0444266037105,5,0.59857134997,0,12,True
mixed,5000,1,joint_conditional_PAC,384,383.999999383,2.80889728338e-10,0.00249310841847,1,1.60727664511e-09,0,12,True
mixed,5000,1,audit_all,384,384,-0,,0,0,0,0,True
mixed,5000,1,known_rate_calendar,384,69,0.0499806008573,0.05,0,0.8203125,0,0,True
mixed,5000,1,plugin_calendar,384,52,0.0908025941029,,0,0.864583333333,768,0,True
mixed,5000,1,plugin_global_TTL,384,175,0.0831924800857,,0,0.544270833333,768,0,True
mixed,5000,1,CP_calendar,384,342,0.000201906007139,0.05,0,0.109375,0,120,False
mixed,5000,2,joint_clean,384,383.999993941,7.81656439784e-09,0.0144275693175,1,1.5778868101e-08,0,12,True
mixed,5000,2,singleton_clean,384,183.18264754,0.00746892455964,0.0460490208131,8,0.522961855363,0,12,True
mixed,5000,2,pilot_partition,384,220.011084687,0.0122741778548,0.0403180376007,3,0.42705446696,768,12,True
mixed,5000,2,rate_oracle_partition,384,155.57726804,0.0128078521944,0.0464751800454,5,0.594850864479,0,12,True
mixed,5000,2,joint_conditional_PAC,384,383.999995882,1.73714521956e-09,0.00249310841847,1,1.07246993508e-08,0,12,True
mixed,5000,2,audit_all,384,384,-0,,0,0,0,0,True
mixed,5000,2,known_rate_calendar,384,65,0.0491752262269,0.05,0,0.830729166667,0,0,True
mixed,5000,2,plugin_calendar,384,62,0.0530523839409,,0,0.838541666667,768,0,True
mixed,5000,2,plugin_global_TTL,384,257,0.0301677626706,,0,0.330729166667,768,0,True
mixed,5000,2,CP_calendar,384,342,0.000236417162876,0.05,0,0.109375,0,120,False
mixed,5000,3,joint_clean,384,383.999998793,1.65156076042e-09,0.0142860769503,1,3.1431089953e-09,0,12,True
mixed,5000,3,singleton_clean,384,183.255935288,0.00640669722359,0.0421444540744,8,0.522771001853,0,12,True
mixed,5000,3,pilot_partition,384,221.219839968,0.0105997254055,0.0415606759917,3,0.423906666751,768,12,True
mixed,5000,3,rate_oracle_partition,384,155.785209556,0.0106522529746,0.0472980681189,6,0.594309350116,0,12,True
mixed,5000,3,joint_conditional_PAC,384,383.99999918,3.65617274635e-10,0.00242002261501,1,2.13633188917e-09,0,12,True
mixed,5000,3,audit_all,384,384,-0,,0,0,0,0,True
mixed,5000,3,known_rate_calendar,384,69,0.0491466627047,0.05,0,0.8203125,0,0,True
mixed,5000,3,plugin_calendar,384,54,0.0782698820661,,0,0.859375,768,0,True
mixed,5000,3,plugin_global_TTL,384,214,0.0544964844726,,0,0.442708333333,768,0,True
mixed,5000,3,CP_calendar,384,342,0.000226009368434,0.05,0,0.109375,0,120,False
mixed,5000,4,joint_clean,384,383.999999416,8.15179610439e-10,0.0141445296028,1,1.52156076627e-09,0,12,True
mixed,5000,4,singleton_clean,384,177.58741458,0.00662772624807,0.042493386545,8,0.537532774532,0,12,True
mixed,5000,4,pilot_partition,384,217.457069018,0.0108917155629,0.0403889373668,3,0.433705549433,768,12,True
mixed,5000,4,rate_oracle_partition,384,153.27938576,0.0102517159409,0.0454959247363,6,0.600834932917,0,12,True
mixed,5000,4,joint_conditional_PAC,384,383.999999603,1.88095711392e-10,0.00249310841847,1,1.03418573705e-09,0,12,True
mixed,5000,4,audit_all,384,384,-0,,0,0,0,0,True
mixed,5000,4,known_rate_calendar,384,67,0.0492659490639,0.05,0,0.825520833333,0,0,True
mixed,5000,4,plugin_calendar,384,62,0.0589110313169,,0,0.838541666667,768,0,True
mixed,5000,4,plugin_global_TTL,384,223,0.0352992720054,,0,0.419270833333,768,0,True
mixed,5000,4,CP_calendar,384,342,0.000231014007669,0.05,0,0.109375,0,120,False
mixed,5000,5,joint_clean,384,383.999999129,1.12087231974e-09,0.0144275693175,1,2.26836138761e-09,0,12,True
mixed,5000,5,singleton_clean,384,183.876220247,0.00670188053725,0.041020813112,8,0.521155676441,0,12,True
mixed,5000,5,pilot_partition,384,197.040258325,0.0136937338786,0.0447450204305,4,0.48687432728,768,12,True
mixed,5000,5,rate_oracle_partition,384,156.986213227,0.0129385774945,0.0448492231802,5,0.591181736387,0,12,True
mixed,5000,5,joint_conditional_PAC,384,383.999999385,2.86843219585e-10,0.00249310841847,1,1.60084878686e-09,0,12,True
mixed,5000,5,audit_all,384,384,-0,,0,0,0,0,True
mixed,5000,5,known_rate_calendar,384,65,0.0492075335607,0.05,0,0.830729166667,0,0,True
mixed,5000,5,plugin_calendar,384,60,0.0624167895885,,0,0.84375,768,0,True
mixed,5000,5,plugin_global_TTL,384,265,0.0289746765359,,0,0.309895833333,768,0,True
mixed,5000,5,CP_calendar,384,342,0.000206545602477,0.05,0,0.109375,0,120,False
mixed,5000,6,joint_clean,384,383.999999378,8.90168527864e-10,0.0144275693175,1,1.62006197346e-09,0,12,True
mixed,5000,6,singleton_clean,384,180.684993025,0.00696376351272,0.0440994067463,8,0.529466163997,0,12,True
mixed,5000,6,pilot_partition,384,217.137268923,0.0118797473983,0.0418358108204,3,0.434538362179,768,12,True
mixed,5000,6,rate_oracle_partition,384,155.218648935,0.00961075229002,0.0464673352509,6,0.595784768398,0,12,True
mixed,5000,6,joint_conditional_PAC,384,383.99999958,1.87511917882e-10,0.00249310841847,1,1.09269804316e-09,0,12,True
mixed,5000,6,audit_all,384,384,-0,,0,0,0,0,True
mixed,5000,6,known_rate_calendar,384,65,0.0495760010497,0.05,0,0.830729166667,0,0,True
mixed,5000,6,plugin_calendar,384,58,0.0591125115507,,0,0.848958333333,768,0,True
mixed,5000,6,plugin_global_TTL,384,258,0.0324825376274,,0,0.328125,768,0,True
mixed,5000,6,CP_calendar,384,342,0.000240226832276,0.05,0,0.109375,0,120,False
mixed,5000,7,joint_clean,384,383.999999944,8.07331181926e-11,0.0144275693175,1,1.47007406248e-10,0,12,True
mixed,5000,7,singleton_clean,384,182.44919315,0.00702279739985,0.0448650314232,8,0.524871892838,0,12,True
mixed,5000,7,pilot_partition,384,223.850573106,0.0109056390539,0.0361448660784,3,0.417055799203,768,12,True
mixed,5000,7,rate_oracle_partition,384,157.276056609,0.011695612668,0.0474940362222,6,0.590426935915,0,12,True
mixed,5000,7,joint_conditional_PAC,384,383.999999961,2.01032249061e-11,0.00242002261501,1,1.01067598735e-10,0,12,True
mixed,5000,7,audit_all,384,384,-0,,0,0,0,0,True
mixed,5000,7,known_rate_calendar,384,70,0.0493728047577,0.05,0,0.817708333333,0,0,True
mixed,5000,7,plugin_calendar,384,58,0.0682565720012,,0,0.848958333333,768,0,True
mixed,5000,7,plugin_global_TTL,384,259,0.0343436323866,,0,0.325520833333,768,0,True
mixed,5000,7,CP_calendar,384,342,0.000210369864313,0.05,0,0.109375,0,120,False
mixed,5000,8,joint_clean,384,383.99999124,1.12095093715e-08,0.0144275693175,1,2.28126425528e-08,0,12,True
mixed,5000,8,singleton_clean,384,187.670739301,0.00690605027181,0.0424930886575,8,0.511274116405,0,12,True
mixed,5000,8,pilot_partition,384,222.425311519,0.0119777574635,0.0414229778095,3,0.420767417918,768,12,True
mixed,5000,8,rate_oracle_partition,384,155.725410306,0.013018602644,0.0443713976129,5,0.594465077329,0,12,True
mixed,5000,8,joint_conditional_PAC,384,383.999994206,2.44958029017e-09,0.00249310841847,1,1.50896125595e-08,0,12,True
mixed,5000,8,audit_all,384,384,-0,,0,0,0,0,True
mixed,5000,8,known_rate_calendar,384,67,0.0491876193927,0.05,0,0.825520833333,0,0,True
mixed,5000,8,plugin_calendar,384,60,0.0571769234911,,0,0.84375,768,0,True
mixed,5000,8,plugin_global_TTL,384,265,0.0303558807402,,0,0.309895833333,768,0,True
mixed,5000,8,CP_calendar,384,342,0.000187072845529,0.05,0,0.109375,0,120,False
mixed,5000,9,joint_clean,384,383.999984633,1.945289933e-08,0.0142860769503,1,4.00175540483e-08,0,12,True
mixed,5000,9,singleton_clean,384,182.190372625,0.00732723761532,0.0438204624193,8,0.525545904622,0,12,True
mixed,5000,9,pilot_partition,384,195.181904306,0.0131181637003,0.0458021495125,4,0.49171379087,768,12,True
mixed,5000,9,rate_oracle_partition,384,155.001693837,0.0136682270487,0.0470531220019,5,0.596349755633,0,12,True
mixed,5000,9,joint_conditional_PAC,384,383.999989876,4.1780927258e-09,0.00249310841847,1,2.63657321531e-08,0,12,True
mixed,5000,9,audit_all,384,384,-0,,0,0,0,0,True
mixed,5000,9,known_rate_calendar,384,66,0.047439123284,0.05,0,0.828125,0,0,True
mixed,5000,9,plugin_calendar,384,70,0.046763313956,,0,0.817708333333,768,0,True
mixed,5000,9,plugin_global_TTL,384,267,0.0218366407401,,0,0.3046875,768,0,True
mixed,5000,9,CP_calendar,384,342,0.000173165219217,0.05,0,0.109375,0,120,False
active,200,0,joint_clean,384,273.793010091,0.0479089047181,0.0497745606212,1,0.286997369555,0,12,True
active,200,0,singleton_clean,384,351.850589222,0.0106954604976,0.0429864684803,8,0.0837224238999,0,12,True
active,200,0,pilot_partition,384,273.793010091,0.0479089047181,0.0497745606212,1,0.286997369555,768,12,True
active,200,0,rate_oracle_partition,384,261.157252833,0.0445850637729,0.0497745606212,2,0.319902987415,0,12,True
active,200,0,joint_conditional_PAC,384,378.7520481,0.00180477287038,0.00183481208215,1,0.0136665414074,0,12,True
active,200,0,audit_all,384,384,-0,,0,0,0,0,True
active,200,0,known_rate_calendar,384,207,0.0495377223601,0.05,0,0.4609375,0,0,True
active,200,0,plugin_calendar,384,135,0.241563844735,,0,0.6484375,768,0,True
active,200,0,plugin_global_TTL,384,215,0.0619608005152,,0,0.440104166667,768,0,True
active,200,0,CP_calendar,384,384,-0,0.05,0,0,0,120,False
active,200,1,joint_clean,384,267.823081093,0.0470957631116,0.0481681493208,1,0.302544059654,0,12,True
active,200,1,singleton_clean,384,352.461519275,0.00981351099208,0.0412383284888,8,0.0821314602201,0,12,True
active,200,1,pilot_partition,384,258.980815395,0.0434630148454,0.0481681493208,2,0.325570793241,768,12,True
active,200,1,rate_oracle_partition,384,258.980815395,0.0434630148454,0.0481681493208,2,0.325570793241,0,12,True
active,200,1,joint_conditional_PAC,384,378.401112342,0.00177505185842,0.00183481208215,1,0.0145804366098,0,12,True
active,200,1,audit_all,384,384,-0,,0,0,0,0,True
active,200,1,known_rate_calendar,384,201,0.0499829885581,0.05,0,0.4765625,0,0,True
active,200,1,plugin_calendar,384,122,0.252382436372,,0,0.682291666667,768,0,True
active,200,1,plugin_global_TTL,384,221,0.0584318786508,,0,0.424479166667,768,0,True
active,200,1,CP_calendar,384,384,-0,0.05,0,0,0,120,False
active,200,2,joint_clean,384,262.807217827,0.046841420334,0.0497745606212,1,0.315606203575,0,12,True
active,200,2,singleton_clean,384,351.367422016,0.00981417807942,0.0429864684803,8,0.0849806718332,0,12,True
active,200,2,pilot_partition,384,249.045777531,0.0390052601181,0.0481681493208,2,0.351443287679,768,12,True
active,200,2,rate_oracle_partition,384,255.578018927,0.0426351073584,0.0481681493208,2,0.334432242379,0,12,True
active,200,2,joint_conditional_PAC,384,378.274356748,0.00176203000296,0.00183481208215,1,0.0149105293027,0,12,True
active,200,2,audit_all,384,384,-0,,0,0,0,0,True
active,200,2,known_rate_calendar,384,188,0.0499757291088,0.05,0,0.510416666667,0,0,True
active,200,2,plugin_calendar,384,112,0.185275878701,,0,0.708333333333,768,0,True
active,200,2,plugin_global_TTL,384,211,0.055278727945,,0,0.450520833333,768,0,True
active,200,2,CP_calendar,384,384,-0,0.05,0,0,0,120,False
active,200,3,joint_clean,384,268.906664189,0.0482000221572,0.0497745606212,1,0.299722228676,0,12,True
active,200,3,singleton_clean,384,351.643915106,0.0103541352249,0.0429864684803,8,0.0842606377452,0,12,True
active,200,3,pilot_partition,384,261.160620083,0.0447625376187,0.0497745606212,2,0.319894218533,768,12,True
active,200,3,rate_oracle_partition,384,261.160620083,0.0447625376187,0.0497745606212,2,0.319894218533,0,12,True
active,200,3,joint_conditional_PAC,384,378.54102755,0.00178803443362,0.00183481208215,1,0.0142160740874,0,12,True
active,200,3,audit_all,384,384,-0,,0,0,0,0,True
active,200,3,known_rate_calendar,384,206,0.0499166657908,0.05,0,0.463541666667,0,0,True
active,200,3,plugin_calendar,384,101,0.183514172601,,0,0.736979166667,768,0,True
active,200,3,plugin_global_TTL,384,214,0.0622814168536,,0,0.442708333333,768,0,True
active,200,3,CP_calendar,384,384,-0,0.05,0,0,0,120,False
active,200,4,joint_clean,384,267.377608954,0.0467011919897,0.0497745606212,1,0.30370414335,0,12,True
active,200,4,singleton_clean,384,351.560646135,0.00997802460272,0.0429864684803,8,0.0844774840236,0,12,True
active,200,4,pilot_partition,384,250.084294499,0.0393245036246,0.0497745606212,2,0.348738816408,768,12,True
active,200,4,rate_oracle_partition,384,255.42932435,0.0435028332623,0.0497745606212,2,0.334819467839,0,12,True
active,200,4,joint_conditional_PAC,384,378.379643805,0.0017729298282,0.00183481208215,1,0.0146363442578,0,12,True
active,200,4,audit_all,384,384,-0,,0,0,0,0,True
active,200,4,known_rate_calendar,384,193,0.0496810179099,0.05,0,0.497395833333,0,0,True
active,200,4,plugin_calendar,384,143,0.0997808540864,,0,0.627604166667,768,0,True
active,200,4,plugin_global_TTL,384,223,0.0500781183174,,0,0.419270833333,768,0,True
active,200,4,CP_calendar,384,384,-0,0.05,0,0,0,120,False
active,200,5,joint_clean,384,263.59577738,0.0467431261994,0.0497745606212,1,0.313552663072,0,12,True
active,200,5,singleton_clean,384,352.442039438,0.00974207713588,0.0412383284888,8,0.0821821889647,0,12,True
active,200,5,pilot_partition,384,259.331936028,0.0398747963769,0.0497745606212,2,0.324656416594,768,12,True
active,200,5,rate_oracle_partition,384,252.621229898,0.0433854335347,0.0497745606212,2,0.342132213807,0,12,True
active,200,5,joint_conditional_PAC,384,378.356052065,0.00177055848559,0.00183481208215,1,0.0146977810815,0,12,True
active,200,5,audit_all,384,384,-0,,0,0,0,0,True
active,200,5,known_rate_calendar,384,189,0.0497956355531,0.05,0,0.5078125,0,0,True
active,200,5,plugin_calendar,384,166,0.116008824033,,0,0.567708333333,768,0,True
active,200,5,plugin_global_TTL,384,265,0.0335684016139,,0,0.309895833333,768,0,True
active,200,5,CP_calendar,384,384,-0,0.05,0,0,0,120,False
active,200,6,joint_clean,384,265.82106025,0.0461141331363,0.0497745606212,1,0.307757655599,0,12,True
active,200,6,singleton_clean,384,351.462107224,0.00986040732494,0.0429864684803,8,0.08473409577,0,12,True
active,200,6,pilot_partition,384,254.927029727,0.0418508778609,0.0497745606212,2,0.336127526752,768,12,True
active,200,6,rate_oracle_partition,384,254.927029727,0.0418508778609,0.0497745606212,2,0.336127526752,0,12,True
active,200,6,joint_conditional_PAC,384,378.327410892,0.00176762432243,0.00183481208215,1,0.0147723674687,0,12,True
active,200,6,audit_all,384,384,-0,,0,0,0,0,True
active,200,6,known_rate_calendar,384,188,0.049620456616,0.05,0,0.510416666667,0,0,True
active,200,6,plugin_calendar,384,118,0.187171406492,,0,0.692708333333,768,0,True
active,200,6,plugin_global_TTL,384,218,0.0521608345536,,0,0.432291666667,768,0,True
active,200,6,CP_calendar,384,384,-0,0.05,0,0,0,120,False
active,200,7,joint_clean,384,273.81228825,0.0484269347237,0.0497745606212,1,0.286947166015,0,12,True
active,200,7,singleton_clean,384,351.859908249,0.0108247248842,0.0429864684803,8,0.0836981556005,0,12,True
active,200,7,pilot_partition,384,262.588269737,0.0447044737565,0.0497745606212,2,0.316176380893,768,12,True
active,200,7,rate_oracle_partition,384,262.588269737,0.0447044737565,0.0497745606212,2,0.316176380893,0,12,True
active,200,7,joint_conditional_PAC,384,378.794281335,0.00180770234666,0.00183481208215,1,0.0135565590244,0,12,True
active,200,7,audit_all,384,384,-0,,0,0,0,0,True
active,200,7,known_rate_calendar,384,204,0.0495254822325,0.05,0,0.46875,0,0,True
active,200,7,plugin_calendar,384,223,0.0575344822575,,0,0.419270833333,768,0,True
active,200,7,plugin_global_TTL,384,384,-0,,0,0,768,0,True
active,200,7,CP_calendar,384,384,-0,0.05,0,0,0,120,False
active,200,8,joint_clean,384,267.067657015,0.0471483370324,0.0497745606212,1,0.304511309856,0,12,True
active,200,8,singleton_clean,384,352.233192288,0.00921481965682,0.0412383284888,8,0.0827260617497,0,12,True
active,200,8,pilot_partition,384,255.212977856,0.0444246750831,0.0497745606212,2,0.335382870168,768,12,True
active,200,8,rate_oracle_partition,384,263.034408514,0.0434113074537,0.0497745606212,2,0.315014561161,0,12,True
active,200,8,joint_conditional_PAC,384,378.295983269,0.00176433529182,0.00183481208215,1,0.0148542102369,0,12,True
active,200,8,audit_all,384,384,-0,,0,0,0,0,True
active,200,8,known_rate_calendar,384,193,0.0495783690602,0.05,0,0.497395833333,0,0,True
active,200,8,plugin_calendar,384,120,0.167796988464,,0,0.6875,768,0,True
active,200,8,plugin_global_TTL,384,183,0.0692202790159,,0,0.5234375,768,0,True
active,200,8,CP_calendar,384,384,-0,0.05,0,0,0,120,False
active,200,9,joint_clean,384,265.617346557,0.0463007406233,0.0497745606212,1,0.308288160007,0,12,True
active,200,9,singleton_clean,384,351.321734782,0.00968354845161,0.0429864684803,8,0.0850996490054,0,12,True
active,200,9,pilot_partition,384,275.118617091,0.0285179218196,0.0497745606212,2,0.283545267991,768,12,True
active,200,9,rate_oracle_partition,384,257.282531847,0.043506333909,0.0497745606212,2,0.329993406648,0,12,True
active,200,9,joint_conditional_PAC,384,378.201665954,0.00175403244442,0.00183481208215,1,0.0150998282452,0,12,True
active,200,9,audit_all,384,384,-0,,0,0,0,0,True
active,200,9,known_rate_calendar,384,190,0.0499276626346,0.05,0,0.505208333333,0,0,True
active,200,9,plugin_calendar,384,198,0.0714147189387,,0,0.484375,768,0,True
active,200,9,plugin_global_TTL,384,267,0.0313401874384,,0,0.3046875,768,0,True
active,200,9,CP_calendar,384,384,-0,0.05,0,0,0,120,False
active,1000,0,joint_clean,384,378.289012424,0.00606845650018,0.0481681493208,1,0.0148723634798,0,12,True
active,1000,0,singleton_clean,384,287.820893229,0.0341371473283,0.0471601070259,8,0.250466423882,0,12,True
active,1000,0,pilot_partition,384,302.300371442,0.0447168857192,0.0494966880074,5,0.21275944937,768,12,True
active,1000,0,rate_oracle_partition,384,260.444670666,0.0371310870399,0.0463202002355,6,0.32175867014,0,12,True
active,1000,0,joint_conditional_PAC,384,382.928190007,0.00037506385588,0.00220067790447,1,0.00279117185755,0,12,True
active,1000,0,audit_all,384,384,-0,,0,0,0,0,True
active,1000,0,known_rate_calendar,384,207,0.0495377223601,0.05,0,0.4609375,0,0,True
active,1000,0,plugin_calendar,384,135,0.241563844735,,0,0.6484375,768,0,True
active,1000,0,plugin_global_TTL,384,215,0.0619608005152,,0,0.440104166667,768,0,True
active,1000,0,CP_calendar,384,376,0.00143858046279,0.05,0,0.0208333333333,0,120,False
active,1000,1,joint_clean,384,376.062257878,0.0078346330664,0.0497745606212,1,0.0206712034416,0,12,True
active,1000,1,singleton_clean,384,284.861869309,0.032982348103,0.0464658028708,8,0.258172215342,0,12,True
active,1000,1,pilot_partition,384,274.403588537,0.0369342341472,0.0469041851965,5,0.285407321519,768,12,True
active,1000,1,rate_oracle_partition,384,258.574013318,0.0365697431325,0.0490793071545,7,0.326630173651,0,12,True
active,1000,1,joint_conditional_PAC,384,382.562804351,0.000469687841211,0.00220067790447,1,0.00374269700195,0,12,True
active,1000,1,audit_all,384,384,-0,,0,0,0,0,True
active,1000,1,known_rate_calendar,384,201,0.0499829885581,0.05,0,0.4765625,0,0,True
active,1000,1,plugin_calendar,384,122,0.252382436372,,0,0.682291666667,768,0,True
active,1000,1,plugin_global_TTL,384,221,0.0584318786508,,0,0.424479166667,768,0,True
active,1000,1,CP_calendar,384,376,0.00115336037885,0.05,0,0.0208333333333,0,120,False
active,1000,2,joint_clean,384,375.122112385,0.00893832360452,0.0472008056322,1,0.0231194989984,0,12,True
active,1000,2,singleton_clean,384,277.934206856,0.034373581165,0.0478536892608,8,0.276213002978,0,12,True
active,1000,2,pilot_partition,384,270.516538846,0.0416655899743,0.048902868807,6,0.295529846755,768,12,True
active,1000,2,rate_oracle_partition,384,251.756752988,0.0367479842199,0.0480867138601,7,0.344383455761,0,12,True
active,1000,2,joint_conditional_PAC,384,382.24420607,0.000538239586301,0.00220067790447,1,0.00457238002475,0,12,True
active,1000,2,audit_all,384,384,-0,,0,0,0,0,True
active,1000,2,known_rate_calendar,384,188,0.0499757291088,0.05,0,0.510416666667,0,0,True
active,1000,2,plugin_calendar,384,112,0.185275878701,,0,0.708333333333,768,0,True
active,1000,2,plugin_global_TTL,384,211,0.055278727945,,0,0.450520833333,768,0,True
active,1000,2,CP_calendar,384,376,0.00135042292484,0.05,0,0.0208333333333,0,120,False
active,1000,3,joint_clean,384,376.966759242,0.00772511381795,0.0475235460068,1,0.0183157311407,0,12,True
active,1000,3,singleton_clean,384,286.15863422,0.0344153902531,0.0468129098611,8,0.254795223385,0,12,True
active,1000,3,pilot_partition,384,266.551008965,0.0435410376574,0.0486318755233,5,0.305856747488,768,12,True
active,1000,3,rate_oracle_partition,384,260.816099767,0.0383934254431,0.0480867138601,7,0.320791406858,0,12,True
active,1000,3,joint_conditional_PAC,384,382.753109672,0.000429016517781,0.00220067790447,1,0.00324711022993,0,12,True
active,1000,3,audit_all,384,384,-0,,0,0,0,0,True
active,1000,3,known_rate_calendar,384,206,0.0499166657908,0.05,0,0.463541666667,0,0,True
active,1000,3,plugin_calendar,384,101,0.183514172601,,0,0.736979166667,768,0,True
active,1000,3,plugin_global_TTL,384,214,0.0622814168536,,0,0.442708333333,768,0,True
active,1000,3,CP_calendar,384,376,0.00129099564736,0.05,0,0.0208333333333,0,120,False
active,1000,4,joint_clean,384,375.886364905,0.00802906150385,0.0478459937497,1,0.021129258059,0,12,True
active,1000,4,singleton_clean,384,282.940073666,0.0339169864612,0.0475071777246,8,0.263176891494,0,12,True
active,1000,4,pilot_partition,384,254.693968587,0.0377869937111,0.0483420570506,6,0.336734456806,768,12,True
active,1000,4,rate_oracle_partition,384,253.128308286,0.0362720554024,0.0487297578196,7,0.340811697172,0,12,True
active,1000,4,joint_conditional_PAC,384,382.444886607,0.000507066087534,0.00220067790447,1,0.00404977446131,0,12,True
active,1000,4,audit_all,384,384,-0,,0,0,0,0,True
active,1000,4,known_rate_calendar,384,193,0.0496810179099,0.05,0,0.497395833333,0,0,True
active,1000,4,plugin_calendar,384,143,0.0997808540864,,0,0.627604166667,768,0,True
active,1000,4,plugin_global_TTL,384,223,0.0500781183174,,0,0.419270833333,768,0,True
active,1000,4,CP_calendar,384,376,0.00131957180403,0.05,0,0.0208333333333,0,120,False
active,1000,5,joint_clean,384,375.691627385,0.00814521304114,0.0497745606212,1,0.0216363870193,0,12,True
active,1000,5,singleton_clean,384,279.610021713,0.034287391347,0.047853905632,8,0.271848901788,0,12,True
active,1000,5,pilot_partition,384,248.288367891,0.041209282367,0.0477185527881,6,0.353415708616,768,12,True
active,1000,5,rate_oracle_partition,384,249.972445326,0.0357507884271,0.0477300319099,7,0.349030090296,0,12,True
active,1000,5,joint_conditional_PAC,384,382.481017749,0.000482129508787,0.00220067790447,1,0.00395568294535,0,12,True
active,1000,5,audit_all,384,384,-0,,0,0,0,0,True
active,1000,5,known_rate_calendar,384,189,0.0497956355531,0.05,0,0.5078125,0,0,True
active,1000,5,plugin_calendar,384,166,0.116008824033,,0,0.567708333333,768,0,True
active,1000,5,plugin_global_TTL,384,265,0.0335684016139,,0,0.309895833333,768,0,True
active,1000,5,CP_calendar,384,376,0.00117985430513,0.05,0,0.0208333333333,0,120,False
active,1000,6,joint_clean,384,375.455060858,0.00924310991756,0.0497745606212,1,0.0222524456822,0,12,True
active,1000,6,singleton_clean,384,280.742180654,0.0343677474384,0.0485469828435,8,0.268900571215,0,12,True
active,1000,6,pilot_partition,384,278.999756068,0.038980465967,0.0482220659896,5,0.273438135239,768,12,True
active,1000,6,rate_oracle_partition,384,252.290448458,0.0348071697787,0.0466983358097,7,0.342993623807,0,12,True
active,1000,6,joint_conditional_PAC,384,382.347663702,0.000520262181304,0.00220067790447,1,0.00430295910982,0,12,True
active,1000,6,audit_all,384,384,-0,,0,0,0,0,True
active,1000,6,known_rate_calendar,384,188,0.049620456616,0.05,0,0.510416666667,0,0,True
active,1000,6,plugin_calendar,384,118,0.187171406492,,0,0.692708333333,768,0,True
active,1000,6,plugin_global_TTL,384,218,0.0521608345536,,0,0.432291666667,768,0,True
active,1000,6,CP_calendar,384,376,0.00272833195885,0.05,0,0.0208333333333,0,120,False
active,1000,7,joint_clean,384,378.422958668,0.00624683238375,0.0497745606212,1,0.014523545136,0,12,True
active,1000,7,singleton_clean,384,284.251805464,0.0354951585533,0.048200507323,8,0.259760923271,0,12,True
active,1000,7,pilot_partition,384,261.431758199,0.0385105506654,0.0477004149879,7,0.319188129691,768,12,True
active,1000,7,rate_oracle_partition,384,258.077745008,0.0369517872529,0.0473884288567,7,0.327922539042,0,12,True
active,1000,7,joint_conditional_PAC,384,382.924537484,0.000380148472049,0.00220067790447,1,0.00280068363504,0,12,True
active,1000,7,audit_all,384,384,-0,,0,0,0,0,True
active,1000,7,known_rate_calendar,384,204,0.0495254822325,0.05,0,0.46875,0,0,True
active,1000,7,plugin_calendar,384,223,0.0575344822575,,0,0.419270833333,768,0,True
active,1000,7,plugin_global_TTL,384,384,-0,,0,0,768,0,True
active,1000,7,CP_calendar,384,378,0.00140955773957,0.05,0,0.015625,0,120,False
active,1000,8,joint_clean,384,375.3127814,0.00929644499183,0.0497745606212,1,0.022622965104,0,12,True
active,1000,8,singleton_clean,384,284.311955495,0.0327049321399,0.0464658028708,8,0.259604282564,0,12,True
active,1000,8,pilot_partition,384,258.211766239,0.038653098826,0.0483691323494,6,0.327573525419,768,12,True
active,1000,8,rate_oracle_partition,384,254.16876176,0.0348431736349,0.0480655703926,7,0.338102182918,0,12,True
active,1000,8,joint_conditional_PAC,384,382.398445733,0.000531300910926,0.00220067790447,1,0.00417071423706,0,12,True
active,1000,8,audit_all,384,384,-0,,0,0,0,0,True
active,1000,8,known_rate_calendar,384,193,0.0495783690602,0.05,0,0.497395833333,0,0,True
active,1000,8,plugin_calendar,384,120,0.167796988464,,0,0.6875,768,0,True
active,1000,8,plugin_global_TTL,384,183,0.0692202790159,,0,0.5234375,768,0,True
active,1000,8,CP_calendar,384,376,0.00106865440272,0.05,0,0.0208333333333,0,120,False
active,1000,9,joint_clean,384,374.544067201,0.00971665760171,0.0491328675862,1,0.0246248249971,0,12,True
active,1000,9,singleton_clean,384,282.342857613,0.0335111746954,0.0471601070259,8,0.264732141634,0,12,True
active,1000,9,pilot_partition,384,257.708276171,0.031835988719,0.0470177170159,7,0.328884697471,768,12,True
active,1000,9,rate_oracle_partition,384,252.370460698,0.0345139769925,0.0463511870967,7,0.3427852586,0,12,True
active,1000,9,joint_conditional_PAC,384,382.314262677,0.0005476090856,0.00220067790447,1,0.00438994094656,0,12,True
active,1000,9,audit_all,384,384,-0,,0,0,0,0,True
active,1000,9,known_rate_calendar,384,190,0.0499276626346,0.05,0,0.505208333333,0,0,True
active,1000,9,plugin_calendar,384,198,0.0714147189387,,0,0.484375,768,0,True
active,1000,9,plugin_global_TTL,384,267,0.0313401874384,,0,0.3046875,768,0,True
active,1000,9,CP_calendar,384,376,0.00098922996479,0.05,0,0.0208333333333,0,120,False
active,5000,0,joint_clean,384,383.999999598,5.68542644858e-10,0.0144275693175,1,1.04764696918e-09,0,12,True
active,5000,0,singleton_clean,384,333.684499641,0.0239473628934,0.0436779598825,8,0.131029948852,0,12,True
active,5000,0,pilot_partition,384,363.27435587,0.0198391763608,0.0473946773514,5,0.0539730315898,768,12,True
active,5000,0,rate_oracle_partition,384,328.137088938,0.032420877217,0.0421800200646,8,0.145476330892,0,12,True
active,5000,0,joint_conditional_PAC,384,383.999999727,1.26123771422e-10,0.00249310841847,1,7.12072623088e-10,0,12,True
active,5000,0,audit_all,384,384,-0,,0,0,0,0,True
active,5000,0,known_rate_calendar,384,207,0.0495377223601,0.05,0,0.4609375,0,0,True
active,5000,0,plugin_calendar,384,135,0.241563844735,,0,0.6484375,768,0,True
active,5000,0,plugin_global_TTL,384,215,0.0619608005152,,0,0.440104166667,768,0,True
active,5000,0,CP_calendar,384,342,0.00752949536956,0.05,0,0.109375,0,120,False
active,5000,1,joint_clean,384,383.999997971,2.75508323065e-09,0.0143568300041,1,5.28460686322e-09,0,12,True
active,5000,1,singleton_clean,384,330.120559514,0.0258818663729,0.0408829300145,8,0.140311042931,0,12,True
active,5000,1,pilot_partition,384,354.603406161,0.0227524131484,0.0448558193631,6,0.0765536297886,768,12,True
active,5000,1,rate_oracle_partition,384,325.45499118,0.0364458490588,0.0444323048736,8,0.152460960468,0,12,True
active,5000,1,joint_conditional_PAC,384,383.999998626,5.95382410515e-10,0.00249310841847,1,3.57811924534e-09,0,12,True
active,5000,1,audit_all,384,384,-0,,0,0,0,0,True
active,5000,1,known_rate_calendar,384,201,0.0499829885581,0.05,0,0.4765625,0,0,True
active,5000,1,plugin_calendar,384,122,0.252382436372,,0,0.682291666667,768,0,True
active,5000,1,plugin_global_TTL,384,221,0.0584318786508,,0,0.424479166667,768,0,True
active,5000,1,CP_calendar,384,354,0.00431824698355,0.05,0,0.078125,0,120,False
active,5000,2,joint_clean,384,383.999996449,4.57091159414e-09,0.0144275693175,1,9.24859955287e-09,0,12,True
active,5000,2,singleton_clean,384,331.852611257,0.0275933978484,0.0460490208131,8,0.135800491519,0,12,True
active,5000,2,pilot_partition,384,365.346051985,0.0177196071441,0.0462908153193,6,0.0485779896226,768,12,True
active,5000,2,rate_oracle_partition,384,326.604859634,0.0360222337542,0.0448444464691,8,0.149466511371,0,12,True
active,5000,2,joint_conditional_PAC,384,383.999997586,1.00279439865e-09,0.00249310841847,1,6.28615737241e-09,0,12,True
active,5000,2,audit_all,384,384,-0,,0,0,0,0,True
active,5000,2,known_rate_calendar,384,188,0.0499757291088,0.05,0,0.510416666667,0,0,True
active,5000,2,plugin_calendar,384,112,0.185275878701,,0,0.708333333333,768,0,True
active,5000,2,plugin_global_TTL,384,211,0.055278727945,,0,0.450520833333,768,0,True
active,5000,2,CP_calendar,384,350,0.00581530891615,0.05,0,0.0885416666667,0,120,False
active,5000,3,joint_clean,384,383.999998922,1.41450048562e-09,0.0142860769503,1,2.80699341548e-09,0,12,True
active,5000,3,singleton_clean,384,336.847773796,0.0246078960056,0.0421444540744,8,0.12279225574,0,12,True
active,5000,3,pilot_partition,384,363.398749784,0.019698568121,0.0443184593742,6,0.0536490891038,768,12,True
active,5000,3,rate_oracle_partition,384,332.829584619,0.0347802976071,0.0456939404215,8,0.133256290056,0,12,True
active,5000,3,joint_conditional_PAC,384,383.999999267,3.23126638172e-10,0.00242002261501,1,1.90787841081e-09,0,12,True
active,5000,3,audit_all,384,384,-0,,0,0,0,0,True
active,5000,3,known_rate_calendar,384,206,0.0499166657908,0.05,0,0.463541666667,0,0,True
active,5000,3,plugin_calendar,384,101,0.183514172601,,0,0.736979166667,768,0,True
active,5000,3,plugin_global_TTL,384,214,0.0622814168536,,0,0.442708333333,768,0,True
active,5000,3,CP_calendar,384,354,0.00483264638189,0.05,0,0.078125,0,120,False
active,5000,4,joint_clean,384,383.999997767,2.85047559876e-09,0.0141445296028,1,5.81520265275e-09,0,12,True
active,5000,4,singleton_clean,384,330.518000699,0.0254669224091,0.042493386545,8,0.139276039847,0,12,True
active,5000,4,pilot_partition,384,328.73767919,0.0330149760786,0.0437776746682,7,0.143912293776,768,12,True
active,5000,4,rate_oracle_partition,384,326.948915526,0.0326020525799,0.0443480221265,8,0.148570532485,0,12,True
active,5000,4,joint_conditional_PAC,384,383.999998482,6.55845189521e-10,0.00249310841847,1,3.95252053309e-09,0,12,True
active,5000,4,audit_all,384,384,-0,,0,0,0,0,True
active,5000,4,known_rate_calendar,384,193,0.0496810179099,0.05,0,0.497395833333,0,0,True
active,5000,4,plugin_calendar,384,143,0.0997808540864,,0,0.627604166667,768,0,True
active,5000,4,plugin_global_TTL,384,223,0.0500781183174,,0,0.419270833333,768,0,True
active,5000,4,CP_calendar,384,354,0.00493942275242,0.05,0,0.078125,0,120,False
active,5000,5,joint_clean,384,383.99999752,3.09201026301e-09,0.0144275693175,1,6.45719377967e-09,0,12,True
active,5000,5,singleton_clean,384,331.109932111,0.0236058373051,0.041020813112,8,0.137734551794,0,12,True
active,5000,5,pilot_partition,384,352.520369572,0.0313484644509,0.0427139196405,6,0.0819782042383,768,12,True
active,5000,5,rate_oracle_partition,384,327.018306204,0.0322138141538,0.0431871101464,8,0.148389827593,0,12,True
active,5000,5,joint_conditional_PAC,384,383.99999825,7.52158678066e-10,0.00249310841847,1,4.55702997559e-09,0,12,True
active,5000,5,audit_all,384,384,-0,,0,0,0,0,True
active,5000,5,known_rate_calendar,384,189,0.0497956355531,0.05,0,0.5078125,0,0,True
active,5000,5,plugin_calendar,384,166,0.116008824033,,0,0.567708333333,768,0,True
active,5000,5,plugin_global_TTL,384,265,0.0335684016139,,0,0.309895833333,768,0,True
active,5000,5,CP_calendar,384,354,0.00441728079358,0.05,0,0.078125,0,120,False
active,5000,6,joint_clean,384,383.999997186,3.64055771283e-09,0.0144275693175,1,7.32827931671e-09,0,12,True
active,5000,6,singleton_clean,384,330.315719996,0.0267886289,0.0440994067463,8,0.13980281251,0,12,True
active,5000,6,pilot_partition,384,369.086141754,0.0179992954425,0.0445772812892,5,0.0388381725164,768,12,True
active,5000,6,rate_oracle_partition,384,325.06202358,0.0364148370436,0.0458571135981,8,0.153484313595,0,12,True
active,5000,6,joint_conditional_PAC,384,383.999998102,7.98678701117e-10,0.00249310841847,1,4.94277163643e-09,0,12,True
active,5000,6,audit_all,384,384,-0,,0,0,0,0,True
active,5000,6,known_rate_calendar,384,188,0.049620456616,0.05,0,0.510416666667,0,0,True
active,5000,6,plugin_calendar,384,118,0.187171406492,,0,0.692708333333,768,0,True
active,5000,6,plugin_global_TTL,384,218,0.0521608345536,,0,0.432291666667,768,0,True
active,5000,6,CP_calendar,384,362,0.00555044669077,0.05,0,0.0572916666667,0,120,False
active,5000,7,joint_clean,384,383.999999671,4.31735967752e-10,0.0144275693175,1,8.56024473528e-10,0,12,True
active,5000,7,singleton_clean,384,335.07866407,0.0255711792023,0.0448650314232,8,0.127399312317,0,12,True
active,5000,7,pilot_partition,384,337.067793892,0.029197966038,0.04526249056,7,0.122219286739,768,12,True
active,5000,7,rate_oracle_partition,384,331.587041047,0.0336641713667,0.0453038091265,8,0.136492080606,0,12,True
active,5000,7,joint_conditional_PAC,384,383.999999774,1.05013322299e-10,0.00242002261501,1,5.88516790856e-10,0,12,True
active,5000,7,audit_all,384,384,-0,,0,0,0,0,True
active,5000,7,known_rate_calendar,384,204,0.0495254822325,0.05,0,0.46875,0,0,True
active,5000,7,plugin_calendar,384,223,0.0575344822575,,0,0.419270833333,768,0,True
active,5000,7,plugin_global_TTL,384,384,-0,,0,0,768,0,True
active,5000,7,CP_calendar,384,365,0.0040837676743,0.05,0,0.0494791666667,0,120,False
active,5000,8,joint_clean,384,383.999996769,4.2113146314e-09,0.0144275693175,1,8.41373093419e-09,0,12,True
active,5000,8,singleton_clean,384,327.335433264,0.0252537741299,0.0424930886575,8,0.147563975875,0,12,True
active,5000,8,pilot_partition,384,354.932533769,0.0205051851041,0.0449376521347,6,0.0756965266424,768,12,True
active,5000,8,rate_oracle_partition,384,322.10958554,0.0337768217361,0.0445082787625,8,0.161172954324,0,12,True
active,5000,8,joint_conditional_PAC,384,383.999997863,9.12891490539e-10,0.00249310841847,1,5.56533252816e-09,0,12,True
active,5000,8,audit_all,384,384,-0,,0,0,0,0,True
active,5000,8,known_rate_calendar,384,193,0.0495783690602,0.05,0,0.497395833333,0,0,True
active,5000,8,plugin_calendar,384,120,0.167796988464,,0,0.6875,768,0,True
active,5000,8,plugin_global_TTL,384,183,0.0692202790159,,0,0.5234375,768,0,True
active,5000,8,CP_calendar,384,362,0.0029360523507,0.05,0,0.0572916666667,0,120,False
active,5000,9,joint_clean,384,383.999995132,6.23404610968e-09,0.0142860769503,1,1.26779676757e-08,0,12,True
active,5000,9,singleton_clean,384,329.108420828,0.0260854091249,0.0438204624193,8,0.142946820759,0,12,True
active,5000,9,pilot_partition,384,335.893790313,0.0291082587439,0.044723281675,8,0.125276587728,768,12,True
active,5000,9,rate_oracle_partition,384,325.841704748,0.0329413025575,0.0441238022387,8,0.151453893885,0,12,True
active,5000,9,joint_conditional_PAC,384,383.999996792,1.34653351037e-09,0.00249310841847,1,8.35293179069e-09,0,12,True
active,5000,9,audit_all,384,384,-0,,0,0,0,0,True
active,5000,9,known_rate_calendar,384,190,0.0499276626346,0.05,0,0.505208333333,0,0,True
active,5000,9,plugin_calendar,384,198,0.0714147189387,,0,0.484375,768,0,True
active,5000,9,plugin_global_TTL,384,267,0.0313401874384,,0,0.3046875,768,0,True
active,5000,9,CP_calendar,384,354,0.0105207322016,0.05,0,0.078125,0,120,False
